"Fecha","CARR.Open","CARR.High","CARR.Low","CARR.Close","CARR.Volume","CARR.Adjusted"
2020-06-01,20.5499992370605,21.9500007629395,20.5499992370605,21.8199996948242,7695700,20.7865734100342
2020-06-02,21.6900005340576,21.8290004730225,20.9050006866455,21.3600006103516,8295600,20.3483600616455
2020-06-03,21.4699993133545,22.5799999237061,21.3799991607666,22.2199993133545,9636300,21.1676292419434
2020-06-04,22.0300006866455,23.1200008392334,22.0300006866455,22.6800003051758,6651900,21.6058406829834
2020-06-05,23.5400009155273,24.3999996185303,23.3799991607666,23.5599994659424,7843600,22.444164276123
2020-06-08,23.6299991607666,24.3799991607666,23.3099994659424,24.3700008392334,8570400,23.2158012390137
2020-06-09,23.7399997711182,23.9599990844727,23.2099990844727,23.2099990844727,6850000,22.1107425689697
2020-06-10,22.3099994659424,23.1499996185303,22.0400009155273,22.2000007629395,10262100,21.1485748291016
2020-06-11,20.1599998474121,21.7999992370605,20,21.0599994659424,6834800,20.0625686645508
2020-06-12,22,22.3099994659424,21.0200004577637,21.5400009155273,5212800,20.5198364257812
2020-06-15,20.7199993133545,22.5400009155273,20.6299991607666,21.9699993133545,7735600,20.9294662475586
2020-06-16,22.9599990844727,22.9799995422363,21.9249992370605,22.0699996948242,7287800,21.024730682373
2020-06-17,22.1700000762939,22.3400001525879,21.0799999237061,21.2600002288818,5737700,20.2530956268311
2020-06-18,21,21.8899993896484,21,21.25,3618900,20.2435626983643
2020-06-19,21.7600002288818,21.8500003814697,21,21.4500007629395,14451100,20.4340953826904
2020-06-22,21.5200004577637,22.8250007629395,21.3099994659424,22.7399997711182,5995500,21.6630020141602
2020-06-23,23.1200008392334,23.2399997711182,22.3199996948242,22.3899993896484,5961200,21.3295745849609
2020-06-24,22.1000003814697,22.6599998474121,21.4500007629395,21.8199996948242,6825600,20.7865734100342
2020-06-25,21.6200008392334,21.8700008392334,21.0349998474121,21.5200004577637,6141000,20.5762176513672
2020-06-26,21.5200004577637,21.7399997711182,20.5909996032715,20.9699993133545,21346900,20.0503406524658
2020-06-29,21.0799999237061,22.4699993133545,21,22.1200008392334,8086000,21.1499099731445
2020-06-30,21.8099994659424,22.4099998474121,21.4099998474121,22.2199993133545,7082500,21.2455234527588
2020-07-01,22.3199996948242,23.0100002288818,21.8700008392334,22.6100006103516,9181500,21.6184158325195
2020-07-02,22.9899997711182,23.2199993133545,22.5699996948242,22.9099998474121,5667400,21.9052639007568
2020-07-06,23.1299991607666,24.2900009155273,23.1299991607666,24.2099990844727,7145200,23.1482467651367
2020-07-07,23.7600002288818,24.1800003051758,23.7240009307861,24.0100002288818,4671900,22.9570217132568
2020-07-08,23.8799991607666,24.0900001525879,23.4599990844727,23.9899997711182,4692100,22.9378910064697
2020-07-09,24,24.2199993133545,23.7600002288818,23.9099998474121,5470300,22.8614044189453
2020-07-10,23.8400001525879,26.0599994659424,23.7199993133545,24.8899993896484,12262400,23.7984256744385
2020-07-13,25.1399993896484,25.2099990844727,23.2600002288818,24.2800006866455,8562400,23.2151794433594
2020-07-14,24.2999992370605,25.1599998474121,24.2299995422363,25.1499996185303,7218300,24.0470199584961
2020-07-15,25.5799999237061,26.5699996948242,25.5400009155273,26.4500007629395,5798700,25.2900123596191
2020-07-16,26.1200008392334,26.9899997711182,25.9200000762939,26.6100006103516,4863400,25.4429969787598
2020-07-17,26.8899993896484,26.8999996185303,26.3299999237061,26.4799995422363,3187100,25.3186950683594
2020-07-20,26.2199993133545,26.5400009155273,26.0650005340576,26.4099998474121,2442800,25.251766204834
2020-07-21,26.2900009155273,26.7999992370605,26.1599998474121,26.5699996948242,4952700,25.404748916626
2020-07-22,26.3400001525879,27.0599994659424,26.3199996948242,26.6000003814697,3503900,25.4334316253662
2020-07-23,26.6599998474121,27.6299991607666,26.5200004577637,27.3500003814697,6245400,26.1505374908447
2020-07-24,27.25,27.2600002288818,26.5400009155273,26.5799999237061,8293000,25.4143085479736
2020-07-27,26.5,26.7800006866455,26.0799999237061,26.25,5734900,25.0987815856934
2020-07-28,26.0699996948242,26.3999996185303,25.8500003814697,26.0699996948242,9895100,24.9266738891602
2020-07-29,26.1100006103516,27.7199993133545,26.1100006103516,27.1800003051758,12657500,25.9879932403564
2020-07-30,25.8500003814697,27.5,25.6000003814697,26.8999996185303,6742900,25.7202758789062
2020-07-31,26.8500003814697,27.3549995422363,26.6299991607666,27.2399997711182,9261300,26.0453681945801
2020-08-03,27.2399997711182,27.8899993896484,27.0100002288818,27.6200008392334,4115900,26.4087009429932
2020-08-04,27.3999996185303,27.8700008392334,27.1599998474121,27.7700004577637,4382200,26.5521221160889
2020-08-05,27.6599998474121,28.1749992370605,27.6599998474121,28.1100006103516,4177300,26.8772087097168
2020-08-06,28.0200004577637,28.5400009155273,27.9400005340576,28.2700004577637,3648700,27.0301933288574
2020-08-07,28.7199993133545,29.0300006866455,28.4400005340576,28.9699993133545,3477900,27.6994934082031
2020-08-10,29.0200004577637,29.5699996948242,28.9099998474121,29.4599990844727,3516900,28.1680011749268
2020-08-11,30.1599998474121,30.3199996948242,29.4400005340576,29.4899997711182,5113800,28.1966896057129
2020-08-12,29.8700008392334,30.1900005340576,29.6200008392334,29.7900009155273,3523800,28.4835357666016
2020-08-13,29.8999996185303,30.2800006866455,29.3700008392334,29.5400009155273,3643800,28.2444953918457
2020-08-14,29.7099990844727,30.0480003356934,29.2800006866455,29.5200004577637,5008300,28.2253742218018
2020-08-17,29.5,30.1849994659424,29.1429996490479,29.8400001525879,4588200,28.5313377380371
2020-08-18,29.7199993133545,30.0499992370605,29.3700008392334,29.4599990844727,3412900,28.1680011749268
2020-08-19,29.5400009155273,29.6900005340576,29.1200008392334,29.25,3864000,27.9672164916992
2020-08-20,29.0200004577637,29.4099998474121,28.75,29.0100002288818,3166800,27.7377376556396
2020-08-21,29.1599998474121,29.8199996948242,29.0849990844727,29.5200004577637,3112600,28.2253742218018
2020-08-24,29.7600002288818,30.4400005340576,29.7399997711182,30.3799991607666,3117300,29.0476570129395
2020-08-25,30.5,30.8050003051758,30.4099998474121,30.4699993133545,3233600,29.1337070465088
2020-08-26,30.5100002288818,31.2399997711182,30.4099998474121,31.0300006866455,3316600,29.6691474914551
2020-08-27,31.0699996948242,31.2399997711182,30.1599998474121,30.2800006866455,4144700,28.9520435333252
2020-08-28,30.3799991607666,30.4750003814697,29.9549999237061,30.2999992370605,3689900,28.9711608886719
2020-08-31,30.1900005340576,30.4599990844727,29.8299999237061,29.8500003814697,3572700,28.540901184082
2020-09-01,29.6599998474121,30.3600006103516,29.1700000762939,30.2999992370605,2778500,28.9711608886719
2020-09-02,30.2199993133545,30.9500007629395,29.8400001525879,30.7800006866455,3445400,29.430118560791
2020-09-03,30.5,30.6900005340576,28.9599990844727,29.3299999237061,5049400,28.0437049865723
2020-09-04,29.4300003051758,30.0949993133545,28.8299999237061,30,4277400,28.6843185424805
2020-09-08,29.3500003814697,30.25,29.2000007629395,29.5699996948242,4733300,28.2731781005859
2020-09-09,29.9300003051758,30.3449993133545,29.5499992370605,30.1299991607666,4782000,28.8086204528809
2020-09-10,29.8999996185303,30.0100002288818,28.5799999237061,29.1399993896484,9090300,27.8620338439941
2020-09-11,29.1700000762939,29.6450004577637,29.0100002288818,29.2399997711182,4547300,27.957649230957
2020-09-14,29.3999996185303,29.4400005340576,28.8299999237061,29.1499996185303,4299400,27.8716011047363
2020-09-15,29.4799995422363,30.0400009155273,29.3010005950928,29.6900005340576,4052100,28.3879203796387
2020-09-16,30.1599998474121,30.5349998474121,29.5249996185303,30.25,4884300,28.9233589172363
2020-09-17,29.7700004577637,30.6949996948242,29.3700008392334,30.6599998474121,4735100,29.3153762817383
2020-09-18,30.5,31.2000007629395,30.5,30.7900009155273,8061000,29.4396743774414
2020-09-21,30.2900009155273,30.7700004577637,29.2199993133545,29.5100002288818,4516900,28.2158107757568
2020-09-22,29.5100002288818,30.3299999237061,29.4899997711182,30.2600002288818,4719700,28.932918548584
2020-09-23,30.3999996185303,30.4200000762939,29.1000003814697,29.1100006103516,3348800,27.8333549499512
2020-09-24,29.1200008392334,29.9699993133545,28.7900009155273,29.8799991607666,4269300,28.5695838928223
2020-09-25,29.3999996185303,30.5,29.3500003814697,30.4899997711182,2845700,29.15283203125
2020-09-28,30.75,31.5599994659424,30.4300003051758,30.7399997711182,7027600,29.3918724060059
2020-09-29,30.5100002288818,30.6900005340576,30.0799999237061,30.5,6851300,29.1623954772949
2020-09-30,30.6100006103516,31.2399997711182,30.3500003814697,30.5400009155273,5066600,29.2006416320801
2020-10-01,30.7199993133545,31.0599994659424,30.5499992370605,30.7700004577637,3730300,29.4205513000488
2020-10-02,30.3400001525879,31.5200004577637,30.2600002288818,31.2299995422363,2483100,29.8603820800781
2020-10-05,31.6399993896484,32.4700012207031,31.6399993896484,32.0800018310547,5088600,30.6731052398682
2020-10-06,32.3400001525879,32.3899993896484,31.4500007629395,31.5100002288818,2439400,30.1280994415283
2020-10-07,31.9300003051758,32.2900009155273,31.8899993896484,32.1199989318848,2209700,30.7113437652588
2020-10-08,32.310001373291,32.4669990539551,31.6299991607666,31.9500007629395,2276400,30.5488014221191
2020-10-09,31.9099998474121,32.5499992370605,31.7099990844727,32.2299995422363,2700800,30.8165245056152
2020-10-12,32.5900001525879,33.1599998474121,32.2000007629395,33,3302600,31.5527496337891
2020-10-13,33.2999992370605,33.4700012207031,32.0400009155273,32.4900016784668,3534500,31.0651206970215
2020-10-14,32.6800003051758,33.0499992370605,32.4300003051758,32.5099983215332,3443600,31.0842456817627
2020-10-15,32.0900001525879,32.6599998474121,32.0099983215332,32.5999984741211,2691600,31.1702938079834
2020-10-16,32.9199981689453,33.2700004577637,32.4199981689453,32.7599983215332,3723000,31.3232765197754
2020-10-19,32.7999992370605,33,32.0699996948242,32.3199996948242,5529300,30.9025726318359
2020-10-20,32.4500007629395,33.7999992370605,32.3499984741211,33.2299995422363,3944800,31.7726573944092
2020-10-21,33.060001373291,33.439998626709,32.9000015258789,33.3499984741211,2909800,31.8874034881592
2020-10-22,33.1500015258789,34.1300010681152,33.1500015258789,33.8899993896484,3987700,32.4037208557129
2020-10-23,33.9000015258789,34.9599990844727,33.8600006103516,34.9300003051758,5072400,33.3981170654297
2020-10-26,34.4500007629395,34.4500007629395,33.2700004577637,33.7099990844727,5196800,32.2316246032715
2020-10-27,33.8300018310547,33.939998626709,33.1100006103516,33.5999984741211,4032300,32.1264343261719
2020-10-28,32.9300003051758,33.7599983215332,32.7599983215332,33.2999992370605,6485900,31.8395977020264
2020-10-29,33.7900009155273,34.7799987792969,32.9300003051758,34.0699996948242,11949600,32.6542778015137
2020-10-30,33.9700012207031,34.8800010681152,33,33.3899993896484,6741100,32.0025329589844
2020-11-02,34,35.1300010681152,33.8699989318848,35.0999984741211,6313000,33.641471862793
2020-11-03,35.4500007629395,37.0099983215332,35.4300003051758,36.9500007629395,6733100,35.4146003723145
2020-11-04,35.6300010681152,37.4000015258789,35.5,36.7799987792969,9039400,35.2516670227051
2020-11-05,37.5099983215332,38.2999992370605,37.3800010681152,38.2000007629395,5778100,36.612663269043
2020-11-06,38.5299987792969,39.0299987792969,38.1450004577637,38.9500007629395,3443000,37.3315010070801
2020-11-09,40.7400016784668,41.2999992370605,38.6800003051758,38.7999992370605,7186400,37.1877250671387
2020-11-10,39.0299987792969,39.3499984741211,37.5800018310547,37.810001373291,5588400,36.2388725280762
2020-11-11,38.4900016784668,38.7299995422363,37.8899993896484,38.060001373291,4633000,36.4784812927246
2020-11-12,38,38.935001373291,37.7849998474121,37.9599990844727,8192500,36.3826370239258
2020-11-13,38.2299995422363,38.6100006103516,38.1399993896484,38.2900009155273,5498900,36.6989250183105
2020-11-16,39.2400016784668,40.5099983215332,38.4799995422363,40.5,6135600,38.8170928955078
2020-11-17,41.4500007629395,41.4799995422363,39.8600006103516,40.3600006103516,6882700,38.6829071044922
2020-11-18,40.2799987792969,40.5900001525879,39.3699989318848,39.3899993896484,5997200,37.7532081604004
2020-11-19,39,39.2799987792969,38.5099983215332,39.1300010681152,8524800,37.5040245056152
2020-11-20,38.9300003051758,39.0999984741211,38.2099990844727,38.5400009155273,4338700,36.938533782959
2020-11-23,39,39.1399993896484,38.4000015258789,38.7700004577637,6231700,37.1589698791504
2020-11-24,38.939998626709,39.564998626709,38.4300003051758,39.3699989318848,7022300,37.7340431213379
2020-11-25,39.060001373291,39.2400016784668,38.5200004577637,38.6100006103516,4280300,37.0056228637695
2020-11-27,38.689998626709,38.8400001525879,37.4599990844727,37.810001373291,5923500,36.2388725280762
2020-11-30,37.75,38.4799995422363,37.4099998474121,38.0699996948242,21169200,36.4880638122559
2020-12-01,38.6399993896484,38.939998626709,37.5499992370605,37.5999984741211,6595200,36.03759765625
2020-12-02,37.189998626709,37.2799987792969,36.560001373291,36.8300018310547,5578000,35.2995872497559
2020-12-03,37.189998626709,37.7700004577637,36.5999984741211,36.689998626709,5411900,35.1654052734375
2020-12-04,37.2700004577637,37.9700012207031,37.0550003051758,37.7000007629395,5534700,36.1334419250488
2020-12-07,37.5499992370605,37.7000007629395,36.7099990844727,36.8400001525879,3825100,35.3091773986816
2020-12-08,36.6399993896484,37.5699996948242,36.6100006103516,37.2999992370605,4022800,35.7500610351562
2020-12-09,37.4099998474121,37.9900016784668,37.3899993896484,37.8400001525879,4134800,36.2676200866699
2020-12-10,37.6699981689453,38.4700012207031,37.2669982910156,37.5400009155273,4095700,35.9800796508789
2020-12-11,37.1599998474121,37.3899993896484,36.7599983215332,37.1599998474121,3102600,35.6158752441406
2020-12-14,37.5,37.5499992370605,36.5200004577637,36.6199989318848,6301200,35.0983123779297
2020-12-15,37.0999984741211,37.9099998474121,36.5200004577637,37.6699981689453,4832100,36.1046829223633
2020-12-16,37.7299995422363,38.0200004577637,37.3400001525879,38,3990600,36.4209747314453
2020-12-17,38.4099998474121,38.8650016784668,38.25,38.7000007629395,4095200,37.0918846130371
2020-12-18,38.75,38.8600006103516,37.6100006103516,38.7900009155273,9683100,37.1781539916992
2020-12-21,38,38.7200012207031,37.9309997558594,38.5200004577637,2835900,36.919361114502
2020-12-22,38.2900009155273,38.5200004577637,37.8600006103516,38.0299987792969,3303800,36.5636291503906
2020-12-23,38.1199989318848,38.4000015258789,37.7999992370605,38.1599998474121,2367600,36.6886177062988
2020-12-24,37.9099998474121,38.2400016784668,37.8499984741211,37.8899993896484,1395100,36.4290237426758
2020-12-28,38.1100006103516,39.4300003051758,37.75,37.7599983215332,3209700,36.3040390014648
2020-12-29,38,38.1800003051758,36.6800003051758,37.1699981689453,3748700,35.7367973327637
2020-12-30,37.310001373291,37.7999992370605,37.25,37.7299995422363,3051000,36.2752075195312
2020-12-31,37.6199989318848,37.810001373291,36.9199981689453,37.7200012207031,2096800,36.2655868530273
2021-01-04,38.3499984741211,38.3800010681152,36.9799995422363,37.0299987792969,4584200,35.6021842956543
2021-01-05,37,38.1800003051758,36.7999992370605,37.939998626709,3701500,36.4771041870117
2021-01-06,38.3199996948242,40.2599983215332,38.3199996948242,40.0499992370605,6211500,38.505744934082
2021-01-07,40.4099998474121,41.189998626709,40,41.0900001525879,7771900,39.5056419372559
2021-01-08,41.2000007629395,41.3499984741211,40,40.689998626709,6964100,39.1210670471191
2021-01-11,39.8800010681152,41.8429985046387,39.8499984741211,41.5699996948242,3761400,39.9671325683594
2021-01-12,41.560001373291,41.939998626709,41.0499992370605,41.7400016784668,4436100,40.1305809020996
2021-01-13,41.4199981689453,41.8899993896484,40.8300018310547,41.3800010681152,3948600,39.7844657897949
2021-01-14,41.4000015258789,41.5900001525879,40.7299995422363,40.7999992370605,3748900,39.2268180847168
2021-01-15,40.5999984741211,40.5999984741211,39.5709991455078,40.3800010681152,4501100,38.8230133056641
2021-01-19,40.7000007629395,40.9799995422363,40.2000007629395,40.3699989318848,3383000,38.813404083252
2021-01-20,40.4099998474121,40.4099998474121,39.689998626709,40.0400009155273,4654700,38.4961242675781
2021-01-21,40.4000015258789,40.4000015258789,39.2099990844727,39.7400016784668,4647200,38.207691192627
2021-01-22,39.2000007629395,40.1100006103516,39.0999984741211,39.5099983215332,2585000,37.9865684509277
2021-01-25,38.9700012207031,39.056999206543,37.2000007629395,38.8899993896484,9176800,37.3904724121094
2021-01-26,38.8899993896484,39.0499992370605,37.2999992370605,37.3199996948242,4945100,35.8810081481934
2021-01-27,36.5999984741211,36.7799987792969,34.2099990844727,36.2299995422363,8138300,34.8330307006836
2021-01-28,36.810001373291,38.4500007629395,36.4210014343262,38.2000007629395,8108500,36.7270736694336
2021-01-29,37.8899993896484,38.7999992370605,37.7700004577637,38.5,16346400,37.0155067443848
2021-02-01,39.2000007629395,39.4500007629395,38.5499992370605,38.6599998474121,4731700,37.1693382263184
2021-02-02,39.1199989318848,39.4000015258789,38.4300003051758,38.4799995422363,2902000,36.9962768554688
2021-02-03,38.2999992370605,38.6599998474121,37.9560012817383,38.1500015258789,2987900,36.679012298584
2021-02-04,38.3699989318848,38.5299987792969,37.8600006103516,38.3300018310547,3439000,36.8520660400391
2021-02-05,38,39.9900016784668,38,39.1500015258789,4409600,37.6404418945312
2021-02-08,39.5299987792969,40.1199989318848,39.3400001525879,39.7000007629395,4544800,38.1692390441895
2021-02-09,37.0999984741211,38.2799987792969,36.9500007629395,37.25,12941200,35.8137016296387
2021-02-10,37.6599998474121,37.9500007629395,36.7999992370605,37.189998626709,7926400,35.7560119628906
2021-02-11,37.2999992370605,37.4749984741211,36.6300010681152,37.2000007629395,11064800,35.7656326293945
2021-02-12,37,37.4000015258789,36.7599983215332,37.2799987792969,5472800,35.8425445556641
2021-02-16,37.4599990844727,37.5250015258789,36.7750015258789,37.4099998474121,4174600,35.9675369262695
2021-02-17,37.2299995422363,37.3689994812012,36.7000007629395,37.2400016784668,3844400,35.8040924072266
2021-02-18,37.0900001525879,37.2299995422363,36.3619995117188,36.6500015258789,3961800,35.2368392944336
2021-02-19,37,37.7599983215332,36.9599990844727,37.6399993896484,3225600,36.1886596679688
2021-02-22,37.4099998474121,37.8699989318848,37.2700004577637,37.2999992370605,3017600,35.8617782592773
2021-02-23,36.8300018310547,37.189998626709,35.8199996948242,37.0999984741211,4340100,35.669490814209
2021-02-24,36.8600006103516,37.5099983215332,36.6949996948242,37.4500007629395,5952400,36.0059928894043
2021-02-25,37.0699996948242,37.2700004577637,35.939998626709,36.1399993896484,4449900,34.7465057373047
2021-02-26,36.3899993896484,37,36.0200004577637,36.5299987792969,5375200,35.1214752197266
2021-03-01,36.7599983215332,37.564998626709,36.7200012207031,37.2000007629395,4156800,35.7656326293945
2021-03-02,37.4000015258789,37.4199981689453,36.6800003051758,37.1399993896484,4431900,35.7079544067383
2021-03-03,36.8499984741211,37.5779991149902,36.6300010681152,37.1199989318848,7100100,35.688720703125
2021-03-04,36.9500007629395,37.2099990844727,35.060001373291,35.5200004577637,6859200,34.1504173278809
2021-03-05,36.1199989318848,37.0400009155273,34.75,36.939998626709,7047300,35.5156593322754
2021-03-08,36.7900009155273,37.7900009155273,36.2999992370605,37.060001373291,4659800,35.6310272216797
2021-03-09,37.3499984741211,37.7099990844727,37.0999984741211,37.1199989318848,3643400,35.688720703125
2021-03-10,37.6100006103516,39.0999984741211,37.4799995422363,38.7799987792969,6976500,37.2847061157227
2021-03-11,39.2700004577637,39.5699996948242,38.6100006103516,39.2299995422363,5156100,37.7173614501953
2021-03-12,39,39.6199989318848,38.9199981689453,39.5900001525879,2546200,38.0634765625
2021-03-15,39.2200012207031,39.7400016784668,39.0999984741211,39.5999984741211,3634300,38.0730895996094
2021-03-16,39.6199989318848,39.6500015258789,38.310001373291,38.5699996948242,5740800,37.0828094482422
2021-03-17,38.810001373291,39.3600006103516,38.4300003051758,39.3499984741211,4066000,37.8327331542969
2021-03-18,39.4000015258789,41.5999984741211,39.4000015258789,41,10045200,39.4191093444824
2021-03-19,41.2299995422363,41.310001373291,40.5810012817383,40.9099998474121,11066100,39.3325805664062
2021-03-22,40.6199989318848,41.689998626709,39.8499984741211,41.4099998474121,10396900,39.813304901123
2021-03-23,40.9199981689453,41.4900016784668,40.0550003051758,40.2900009155273,11248200,38.7364845275879
2021-03-24,40.5,41.2299995422363,40.1300010681152,40.1399993896484,8587400,38.5922698974609
2021-03-25,40.189998626709,40.4749984741211,39.5800018310547,40.3499984741211,8091900,38.7941665649414
2021-03-26,40.8199996948242,41.1399993896484,39.8300018310547,41.0900001525879,5120300,39.5056419372559
2021-03-29,42.2099990844727,42.9799995422363,41.9519996643066,42.3400001525879,7698800,40.707447052002
2021-03-30,42.0699996948242,42.9199981689453,41.7900009155273,42.3600006103516,3982200,40.726676940918
2021-03-31,43,43.4799995422363,42.0299987792969,42.2200012207031,7297800,40.5920753479004
2021-04-01,42.2299995422363,42.4000015258789,41.8600006103516,42.0200004577637,4759900,40.399787902832
2021-04-05,42.3899993896484,42.9199981689453,42.3300018310547,42.5800018310547,5731800,40.9381904602051
2021-04-06,42.6399993896484,43.2999992370605,42.2999992370605,42.810001373291,6692600,41.1593208312988
2021-04-07,42.560001373291,42.8400001525879,42.1399993896484,42.689998626709,6117300,41.0439491271973
2021-04-08,42.5800018310547,43,42.0499992370605,42.5299987792969,5212400,40.8901176452637
2021-04-09,42.8499984741211,43.060001373291,42.2599983215332,42.75,5578100,41.1016311645508
2021-04-12,42.7999992370605,43.0050010681152,42.4799995422363,42.5999984741211,5868600,40.9574203491211
2021-04-13,42.4900016784668,43.3699989318848,42.2400016784668,43.1599998474121,7778500,41.4958267211914
2021-04-14,43.1300010681152,43.7799987792969,43.060001373291,43.1300010681152,4651100,41.4669876098633
2021-04-15,43.2000007629395,43.7700004577637,42.7000007629395,43.5900001525879,7090900,41.9092483520508
2021-04-16,43.8800010681152,44.2799987792969,43.439998626709,43.8800010681152,5575700,42.1880645751953
2021-04-19,44,44.6450004577637,43.6699981689453,43.8699989318848,10654900,42.1784477233887
2021-04-20,43.5800018310547,43.6699981689453,42.0099983215332,42.5200004577637,6545400,40.8805046081543
2021-04-21,42.5,43.125,42.2000007629395,43.060001373291,4288100,41.3996810913086
2021-04-22,43.2400016784668,43.7099990844727,42.8499984741211,43.0900001525879,6473400,41.4285316467285
2021-04-23,43.3600006103516,44.560001373291,43.0699996948242,44.4700012207031,6615300,42.7553215026855
2021-04-26,44.8199996948242,45.1599998474121,44.0200004577637,44.0999984741211,4019400,42.3995780944824
2021-04-27,44.1500015258789,45.0400009155273,44,44.9599990844727,6740600,43.2264213562012
2021-04-28,44.939998626709,45.3199996948242,44.4700012207031,44.4900016784668,6560200,42.774543762207
2021-04-29,43.9700012207031,44.8800010681152,43.3899993896484,44.1500015258789,9151900,42.4476585388184
2021-04-30,43.6800003051758,43.8499984741211,42.9900016784668,43.5800018310547,7279100,42.0138282775879
2021-05-03,44.1199989318848,44.189998626709,43.1800003051758,43.4599990844727,3928800,41.8981399536133
2021-05-04,43.1599998474121,43.3600006103516,42.7799987792969,43.1300010681152,9900900,41.5800018310547
2021-05-05,43.4700012207031,43.7799987792969,43.1500015258789,43.2700004577637,6946100,41.7149696350098
2021-05-06,43.3400001525879,44.189998626709,43.1599998474121,44.1599998474121,6237900,42.5729827880859
2021-05-07,44.1199989318848,45.2649993896484,43.8699989318848,44.8400001525879,5266100,43.2285499572754
2021-05-10,44.8899993896484,45.6500015258789,44.8899993896484,45.4099998474121,5929800,43.7780570983887
2021-05-11,45.1199989318848,45.1199989318848,44.0099983215332,44.5,8457300,42.900764465332
2021-05-12,44.2400016784668,44.439998626709,42.3899993896484,42.4300003051758,7542300,40.9051475524902
2021-05-13,42.6800003051758,43.6399993896484,42.5099983215332,43.25,5084200,41.695686340332
2021-05-14,43.6100006103516,44.0800018310547,43.4500007629395,43.6399993896484,4398200,42.0716743469238
2021-05-17,43.5200004577637,44.3300018310547,43.4599990844727,44.1699981689453,6998700,42.5826301574707
2021-05-18,44.2750015258789,44.4799995422363,43.5400009155273,43.6599998474121,6355800,42.0909461975098
2021-05-19,43.2400016784668,43.6300010681152,42.7000007629395,43.439998626709,5250300,41.8788528442383
2021-05-20,43.560001373291,44.0699996948242,43.2099990844727,43.8899993896484,4046000,42.312686920166
2021-05-21,44.1699981689453,44.7200012207031,43.8699989318848,43.8800010681152,5536500,42.3030471801758
2021-05-24,44.0800018310547,44.6800003051758,43.9300003051758,44.3800010681152,5125600,42.785083770752
2021-05-25,44.6500015258789,45.1800003051758,44.5099983215332,44.7200012207031,7026800,43.1128578186035
2021-05-26,44.7799987792969,45.0299987792969,44.5250015258789,44.7200012207031,6345000,43.1128578186035
2021-05-27,45.0699996948242,45.4799995422363,44.8400001525879,45.310001373291,12343700,43.6816596984863
2021-05-28,45.6949996948242,46.1300010681152,45.4099998474121,45.9300003051758,4197100,44.2793731689453
2021-06-01,46.6100006103516,47.0900001525879,46.5800018310547,46.8499984741211,6199300,45.1663055419922
2021-06-02,46.7599983215332,46.935001373291,45.9099998474121,46.0499992370605,5729600,44.3950576782227
2021-06-03,45.7299995422363,46.1800003051758,45.1399993896484,45.7299995422363,4230800,44.0865669250488
2021-06-04,45.9500007629395,46.0499992370605,45.7599983215332,45.8899993896484,4016900,44.2408103942871
2021-06-07,46.1800003051758,46.3699989318848,45.8699989318848,46.060001373291,2982400,44.4047050476074
2021-06-08,46.2000007629395,46.4599990844727,45.7900009155273,46.3600006103516,3174000,44.693920135498
2021-06-09,46.2999992370605,46.5299987792969,45.9900016784668,46.189998626709,4567000,44.530029296875
2021-06-10,46.4099998474121,46.6300010681152,45.7799987792969,45.8600006103516,5163900,44.2118911743164
2021-06-11,46.1699981689453,46.2799987792969,45.6599998474121,46.0999984741211,4065700,44.4432640075684
2021-06-14,46.0999984741211,46.2900009155273,45.7610015869141,46.2099990844727,3427700,44.5493087768555
2021-06-15,46.2900009155273,46.5999984741211,45.8199996948242,46.5299987792969,3962900,44.8578109741211
2021-06-16,46.7299995422363,47.132999420166,46.4749984741211,46.9099998474121,6778600,45.2241554260254
2021-06-17,46.9000015258789,46.9099998474121,45.1100006103516,46.1300010681152,6200000,44.4721870422363
2021-06-18,45.4300003051758,45.8600006103516,45.0200004577637,45.0499992370605,7343600,43.4309997558594
2021-06-21,45.4000015258789,46.6100006103516,45.2999992370605,46.5,4158800,44.8288917541504
2021-06-22,46.5999984741211,46.7000007629395,46.0099983215332,46.1100006103516,4046100,44.4529037475586
2021-06-23,46.5,46.6399993896484,45.689998626709,46.0999984741211,3100600,44.5592231750488
2021-06-24,46.25,46.3899993896484,45.9500007629395,46.2200012207031,3007300,44.6752243041992
2021-06-25,46.3300018310547,47.1699981689453,46.2400016784668,47.060001373291,8003600,45.4871482849121
2021-06-28,47.060001373291,47.939998626709,46.6749992370605,47.8800010681152,6283700,46.2797317504883
2021-06-29,48.0299987792969,49.0999984741211,48.0299987792969,48.7099990844727,9447900,47.0819969177246
2021-06-30,48.4599990844727,48.9900016784668,48.25,48.5999984741211,4915700,46.9756698608398
2021-07-01,48.6199989318848,48.8899993896484,48.310001373291,48.75,3466300,47.1206588745117
2021-07-02,48.7999992370605,48.9000015258789,48.439998626709,48.5200004577637,2702900,46.8983459472656
2021-07-06,48.6100006103516,48.625,47.6199989318848,48.1699981689453,4026400,46.5600395202637
2021-07-07,48.2000007629395,49.0550003051758,48.0200004577637,48.8300018310547,4355900,47.1979866027832
2021-07-08,47.810001373291,48.4199981689453,47.5299987792969,48.0499992370605,3482300,46.4440536499023
2021-07-09,48.5499992370605,48.8650016784668,48.2099990844727,48.2700004577637,3932600,46.6566963195801
2021-07-12,48.5,49.2700004577637,47.9799995422363,49.2099990844727,7450400,47.5652847290039
2021-07-13,49.0900001525879,49.6150016784668,49.0200004577637,49.2299995422363,5600100,47.5846138000488
2021-07-14,49.4000015258789,49.7200012207031,48.9000015258789,49,3919800,47.3623085021973
2021-07-15,48.7299995422363,49.6749992370605,48.5099983215332,49.560001373291,3872700,47.9035835266113
2021-07-16,49.560001373291,49.810001373291,49,49.0800018310547,3331200,47.4396286010742
2021-07-19,48.310001373291,48.5,47.6500015258789,48.25,3722800,46.6373710632324
2021-07-20,48.4799995422363,50.064998626709,48.3170013427734,49.9000015258789,5358600,48.2322235107422
2021-07-21,50.0200004577637,50.5900001525879,49.939998626709,50.4500007629395,3963100,48.7638473510742
2021-07-22,50.5,51.0149993896484,50.2299995422363,50.810001373291,6025400,49.1118087768555
2021-07-23,50.9599990844727,51.9599990844727,50.939998626709,51.9000015258789,4494200,50.1653785705566
2021-07-26,51.7999992370605,52.0880012512207,51.2599983215332,51.5099983215332,2856100,49.7884101867676
2021-07-27,51.5,52.4099998474121,51.2400016784668,51.9599990844727,4072200,50.2233772277832
2021-07-28,51.8699989318848,52.2999992370605,51.5299987792969,51.5699996948242,5156200,49.8464126586914
2021-07-29,53.0750007629395,54.0800018310547,52.1800003051758,53.939998626709,6166600,52.1371955871582
2021-07-30,54.2200012207031,55.5099983215332,53.9599990844727,55.25,6506800,53.4034156799316
2021-08-02,55.2999992370605,56.0299987792969,54.4819984436035,54.6100006103516,4010800,52.7848052978516
2021-08-03,54.9900016784668,57.25,54.9799995422363,57.1800003051758,4994000,55.2689056396484
2021-08-04,56.5999984741211,57.9000015258789,56.5400009155273,57.0400009155273,4619100,55.1335906982422
2021-08-05,57.3600006103516,57.5349998474121,55.9099998474121,56.3199996948242,4508600,54.4376525878906
2021-08-06,56.5200004577637,56.8199996948242,55.8549995422363,56.3800010681152,4686200,54.4956436157227
2021-08-09,56.0999984741211,56.5289993286133,55.9550018310547,56.2400016784668,2423800,54.3603286743164
2021-08-10,56.4000015258789,57.5,56.2599983215332,56.6100006103516,3763200,54.717960357666
2021-08-11,56.7799987792969,57.0270004272461,56.0800018310547,56.8899993896484,3039200,54.988597869873
2021-08-12,56.3400001525879,56.5699996948242,55.6699981689453,55.9799995422363,3510400,54.1090126037598
2021-08-13,55.939998626709,56.25,55.7400016784668,56.1500015258789,2316300,54.2733345031738
2021-08-16,55.9900016784668,56.8300018310547,55.6199989318848,56.5999984741211,2081400,54.7082901000977
2021-08-17,55.9500007629395,56.1399993896484,54.3699989318848,55.1500015258789,3597000,53.3067588806152
2021-08-18,55.1500015258789,55.9900016784668,55.0400009155273,55.1699981689453,2632300,53.3260841369629
2021-08-19,54.2999992370605,55.9799995422363,54.2299995422363,55.25,4225200,53.4034156799316
2021-08-20,55.4700012207031,55.5999984741211,54.7099990844727,55.3699989318848,2621200,53.5193977355957
2021-08-23,55.8600006103516,56.1650009155273,55.3499984741211,55.8800010681152,3493300,54.0123519897461
2021-08-24,55.7799987792969,56.685001373291,55.7400016784668,56.6100006103516,2546500,54.717960357666
2021-08-25,56.4599990844727,58.0400009155273,56.4300003051758,57.7400016784668,3900200,55.8101921081543
2021-08-26,57.6500015258789,57.9749984741211,57.1549987792969,57.3800010681152,3601000,55.4622268676758
2021-08-27,57.6100006103516,58.4199981689453,57.6100006103516,58.3199996948242,3722600,56.3708038330078
2021-08-30,58.5200004577637,58.8899993896484,58.0200004577637,58.0299987792969,3709300,56.090503692627
2021-08-31,58,58.0099983215332,56.939998626709,57.5999984741211,4837900,55.6748733520508
2021-09-01,57.9000015258789,57.9700012207031,56.7400016784668,57.8899993896484,3007500,55.9551734924316
2021-09-02,58.1500015258789,58.2900009155273,57.4700012207031,57.9199981689453,3333300,55.9841728210449
2021-09-03,57.6800003051758,57.8600006103516,57.25,57.4099998474121,3048700,55.4912223815918
2021-09-07,56.3199996948242,56.9900016784668,56.0909996032715,56.2200012207031,4744800,54.340991973877
2021-09-08,56.0800018310547,56.9500007629395,55.7900009155273,56.6599998474121,2650800,54.7662811279297
2021-09-09,56.810001373291,57.3950004577637,56.4099998474121,56.7299995422363,2202000,54.8339500427246
2021-09-10,57.1599998474121,57.2299995422363,56.4000015258789,56.4300003051758,2345300,54.5439720153809
2021-09-13,56.939998626709,57.0800018310547,55.1800003051758,55.7400016784668,4235500,53.8770332336426
2021-09-14,56,56.0349998474121,54.5900001525879,54.9799995422363,6193900,53.1424331665039
2021-09-15,55.060001373291,55.9000015258789,54.8300018310547,55.7599983215332,3148900,53.8963623046875
2021-09-16,55.6699981689453,55.8600006103516,54.689998626709,55.0699996948242,6828000,53.2294311523438
2021-09-17,54.7700004577637,55.0800018310547,54.5699996948242,55,15945100,53.1617698669434
2021-09-20,53.9500007629395,54.5999984741211,53.060001373291,53.8199996948242,6439800,52.0212020874023
2021-09-21,54.1100006103516,54.1599998474121,51.6699981689453,51.689998626709,8805600,49.9623908996582
2021-09-22,52.1699981689453,53.1199989318848,52.0900001525879,52.5900001525879,7154300,50.8323211669922
2021-09-23,52.9799995422363,54.1749992370605,52.9799995422363,53.4900016784668,4273700,51.7022323608398
2021-09-24,52.8899993896484,53.4599990844727,52.810001373291,53.1199989318848,2135700,51.3446006774902
2021-09-27,53.0900001525879,53.1399993896484,52.2750015258789,52.3699989318848,2297800,50.6196708679199
2021-09-28,51.7700004577637,52.1800003051758,51.310001373291,51.9599990844727,5489800,50.2233772277832
2021-09-29,52.2700004577637,53.0699996948242,52.2000007629395,52.8499984741211,4735200,51.0836296081543
2021-09-30,53.1399993896484,53.6800003051758,51.7299995422363,51.7599983215332,7036700,50.0300521850586
2021-10-01,51.8600006103516,52.75,51.125,52.4599990844727,3618500,50.706657409668
2021-10-04,52.060001373291,52.5200004577637,51.560001373291,52.3300018310547,3638300,50.5810127258301
2021-10-05,52.6199989318848,53.4249992370605,52.2900009155273,52.8199996948242,3524600,51.054630279541
2021-10-06,52.1300010681152,52.7099990844727,51.6100006103516,52.6100006103516,2767500,50.8516464233398
2021-10-07,53.2400016784668,53.9799995422363,53.2400016784668,53.3499984741211,2225300,51.5669136047363
2021-10-08,52.939998626709,53.2099990844727,51.4599990844727,51.5,3108600,49.7787399291992
2021-10-11,51.3600006103516,51.9500007629395,51.101001739502,51.25,2566700,49.5371055603027
2021-10-12,51.2849998474121,51.439998626709,50.0800018310547,50.2999992370605,6017700,48.6188468933105
2021-10-13,50.6699981689453,50.9700012207031,49.9300003051758,50.7299995422363,4474800,49.0344772338867
2021-10-14,51.3699989318848,53.0499992370605,51.2900009155273,53.0099983215332,5567200,51.2382736206055
2021-10-15,53.5699996948242,53.9199981689453,53.060001373291,53.4300003051758,3602200,51.6442375183105
2021-10-18,52.9799995422363,54.0200004577637,52.9099998474121,53.9799995422363,2449600,52.1758575439453
2021-10-19,54.4000015258789,54.4900016784668,53.3899993896484,53.9700012207031,3360600,52.1661949157715
2021-10-20,54.2200012207031,54.5800018310547,53.7200012207031,54.0200004577637,3884100,52.214527130127
2021-10-21,53.7900009155273,54.3400001525879,53.5299987792969,54.3199996948242,2397900,52.5044937133789
2021-10-22,54.7700004577637,55.0999984741211,54.3899993896484,54.6599998474121,3510600,52.8331298828125
2021-10-25,54.1199989318848,55.3400001525879,53.3499984741211,54.5999984741211,3312900,52.7751274108887
2021-10-26,54.7000007629395,54.8800010681152,53.6800003051758,53.7299995422363,2314700,51.934211730957
2021-10-27,53.6599998474121,54.2999992370605,53.0900001525879,53.1599998474121,2673400,51.3832702636719
2021-10-28,53.2099990844727,54.5050010681152,52.6300010681152,54.4199981689453,3441300,52.7201614379883
2021-10-29,53.560001373291,54.0800018310547,52.0400009155273,52.2299995422363,3955800,50.5985641479492
2021-11-01,52.3499984741211,52.6699981689453,51.8600006103516,52.1699981689453,2945900,50.5404357910156
2021-11-02,52.4900016784668,53.0299987792969,51.8699989318848,52.4000015258789,4231000,50.7632598876953
2021-11-03,51.9500007629395,52.5,51.1800003051758,51.9700012207031,3105700,50.3466949462891
2021-11-04,51.9199981689453,53.0200004577637,51.9199981689453,52.9700012207031,2486300,51.3154525756836
2021-11-05,53.2099990844727,53.4449996948242,52.4199981689453,52.7900009155273,2466600,51.1410789489746
2021-11-08,52.9799995422363,53.4199981689453,52.3699989318848,53.3400001525879,2144800,51.6738929748535
2021-11-09,53.5699996948242,54.8600006103516,53.5,54.810001373291,3504300,53.0979804992676
2021-11-10,54.939998626709,55.060001373291,54.4099998474121,54.6300010681152,2901800,52.9235992431641
2021-11-11,54.7900009155273,54.8800010681152,53.9099998474121,54.5,2315300,52.797664642334
2021-11-12,54.9000015258789,56.1599998474121,54.6800003051758,56.1199989318848,2842500,54.3670539855957
2021-11-15,56.060001373291,56.3300018310547,55.5,55.7000007629395,2956800,53.9601783752441
2021-11-16,55.5200004577637,56.6300010681152,55.5,56.2599983215332,3179900,54.502685546875
2021-11-17,56.5,56.5400009155273,55.9199981689453,56.1199989318848,2507500,54.3670539855957
2021-11-18,56.5499992370605,57.060001373291,56.2000007629395,57.0200004577637,3626600,55.2389450073242
2021-11-19,56.9650001525879,57.9700012207031,56.9300003051758,57.1500015258789,5009400,55.3648910522461
2021-11-22,57.3699989318848,57.5999984741211,56.4000015258789,56.4099998474121,4717900,54.648006439209
2021-11-23,56.2999992370605,56.6100006103516,54.5200004577637,54.8699989318848,5108900,53.1561088562012
2021-11-24,54.5800018310547,55.8300018310547,54.3499984741211,55.689998626709,3618700,53.9504890441895
2021-11-26,54.8199996948242,55.6599998474121,54.6199989318848,55.3800010681152,2927600,53.6501731872559
2021-11-29,56.1599998474121,56.2000007629395,55.0200004577637,55.9799995422363,3250400,54.2314338684082
2021-11-30,55.8699989318848,56.0400009155273,53.6599998474121,54.1199989318848,10100100,52.4295272827148
2021-12-01,54.7900009155273,55.9000015258789,53.5499992370605,53.5999984741211,4355300,51.9257736206055
2021-12-02,53.9500007629395,55.7000007629395,53.9500007629395,55.5200004577637,2869100,53.7858047485352
2021-12-03,55.8600006103516,56.1749992370605,54.9700012207031,56.1199989318848,3031200,54.3670539855957
2021-12-06,56.3699989318848,56.5050010681152,55.6500015258789,55.8499984741211,3194500,54.1054916381836
2021-12-07,56.1399993896484,57.689998626709,55.7700004577637,56.6399993896484,3700200,54.8708190917969
2021-12-08,56.5999984741211,56.6749992370605,55.9700012207031,56.439998626709,2563200,54.6770629882812
2021-12-09,56.7200012207031,57.0250015258789,55.9199981689453,55.9900016784668,2174700,54.2411193847656
2021-12-10,55.060001373291,55.8400001525879,54.5499992370605,55.5099983215332,2536000,53.7761154174805
2021-12-13,55.8199996948242,56.0400009155273,54.8899993896484,54.9300003051758,4287700,53.2142372131348
2021-12-14,54.1599998474121,54.7799987792969,52.9020004272461,53.5499992370605,3663500,51.8773422241211
2021-12-15,53.6399993896484,53.6699981689453,52.0849990844727,53.5499992370605,5989600,51.8773422241211
2021-12-16,54.0200004577637,54.6699981689453,53.3400001525879,53.8699989318848,3802500,52.1873435974121
2021-12-17,53.5499992370605,53.689998626709,51.9799995422363,52.2599983215332,7534500,50.627628326416
2021-12-20,51.9000015258789,52.0400009155273,50.3600006103516,50.9099998474121,3492000,49.3197975158691
2021-12-21,51.5050010681152,52.1599998474121,51.1599998474121,52.1300010681152,2162000,50.5016937255859
2021-12-22,51.8699989318848,52.6500015258789,51.6500015258789,52.5200004577637,2282800,51.0263328552246
2021-12-23,52.5400009155273,53.185001373291,52.5099983215332,52.8199996948242,1938300,51.317798614502
2021-12-27,53.2799987792969,53.5900001525879,52.9300003051758,53.5299987792969,1698700,52.0076065063477
2021-12-28,53.4500007629395,53.7700004577637,53.2400016784668,53.4799995422363,2485500,51.9590301513672
2021-12-29,53.439998626709,53.8650016784668,53.1399993896484,53.7400016784668,3183200,52.2116432189941
2021-12-30,53.8250007629395,54.25,53.5,53.5499992370605,1426200,52.027042388916
2021-12-31,53.5400009155273,54.560001373291,53.3600006103516,54.2400016784668,2228900,52.6974182128906
2022-01-03,53.1500015258789,53.5999984741211,52.2200012207031,52.5200004577637,4505100,51.0263328552246
2022-01-04,54.2400016784668,54.6399993896484,53.2099990844727,53.8199996948242,5460300,52.2893562316895
2022-01-05,53.5999984741211,54.4199981689453,52.310001373291,52.3699989318848,3484300,50.8805999755859
2022-01-06,52.4500007629395,53.5099983215332,52.4500007629395,53.5,3089800,51.9784622192383
2022-01-07,53.3300018310547,53.8300018310547,51.8300018310547,51.8400001525879,4117000,50.3656730651855
2022-01-10,51.2299995422363,52.5,50.3400001525879,52.3199996948242,3902300,50.8320198059082
2022-01-11,52.5200004577637,52.7050018310547,51.8899993896484,52.5400009155273,2715200,51.0457649230957
2022-01-12,53.189998626709,53.4099998474121,52.4599990844727,53,2308300,51.4926834106445
2022-01-13,53,53.3199996948242,52.0699996948242,52.2000007629395,2669100,50.7154312133789
2022-01-14,51.4799995422363,51.4799995422363,50.1599998474121,51.0999984741211,3246700,49.6467056274414
2022-01-18,50.2000007629395,50.3699989318848,49.2099990844727,49.6500015258789,4107400,48.2379608154297
2022-01-19,49.8600006103516,50.2900009155273,48.7299995422363,48.7900009155273,3717300,47.402416229248
2022-01-20,49.189998626709,50.189998626709,47.9949989318848,48.0299987792969,3871600,46.6640281677246
2022-01-21,48.2599983215332,48.8600006103516,47.4799995422363,47.7999992370605,3876000,46.4405708312988
2022-01-24,45.6100006103516,47.810001373291,45.310001373291,47.6599998474121,8927300,46.3045501708984
2022-01-25,47.060001373291,47.560001373291,46.1100006103516,47.2099990844727,4603400,45.8673439025879
2022-01-26,47.8199996948242,48.310001373291,46.0800018310547,46.6699981689453,4684400,45.342700958252
2022-01-27,46.9799995422363,47.5099983215332,45.939998626709,46.0900001525879,4483600,44.7792015075684
2022-01-28,46.2000007629395,46.7099990844727,45.4700012207031,46.4500007629395,10734800,45.1289710998535
2022-01-31,46.439998626709,47.7400016784668,46.2799987792969,47.6800003051758,8647500,46.3239860534668
2022-02-01,48,48.0699996948242,46.3800010681152,47.0499992370605,4645400,45.7118988037109
2022-02-02,47.25,48.1500015258789,47.189998626709,47.5099983215332,5972800,46.1588172912598
2022-02-03,46.810001373291,47.3400001525879,46.1699981689453,46.2400016784668,6651800,44.9249420166016
2022-02-04,45.9700012207031,46.4799995422363,44.8400001525879,45.8400001525879,6896800,44.5363082885742
2022-02-07,45.6500015258789,46.1199989318848,45.3499984741211,45.7200012207031,7355300,44.4197273254395
2022-02-08,45.5400009155273,46.9500007629395,45.25,46.060001373291,7924900,44.750057220459
2022-02-09,46.9799995422363,48.0800018310547,46.8400001525879,47.9799995422363,6087400,46.6154479980469
2022-02-10,47.2200012207031,48.189998626709,46.7550010681152,47.1500015258789,5086100,45.8090515136719
2022-02-11,47.0400009155273,47.2200012207031,44.9900016784668,45.5,5862900,44.2059783935547
2022-02-14,45.5200004577637,45.7799987792969,44.2900009155273,44.7900009155273,6410400,43.5161781311035
2022-02-15,45.560001373291,45.8600006103516,45.3400001525879,45.75,4648300,44.4488716125488
2022-02-16,45.4599990844727,45.9099998474121,45,45.6500015258789,4210100,44.3517189025879
2022-02-17,45.1599998474121,45.5,44.4599990844727,44.5800018310547,4202400,43.3121490478516
2022-02-18,44.7400016784668,44.8800010681152,43.9599990844727,44.0800018310547,4938700,42.8263664245605
2022-02-22,43.9900016784668,45.6500015258789,43.7099990844727,45.2900009155273,7327500,44.001953125
2022-02-23,45.7599983215332,45.7900009155273,43.75,43.8400001525879,4994500,42.5931854248047
2022-02-24,42.75,44.8199996948242,42.4500007629395,44.7099990844727,5037300,43.4384460449219
2022-02-25,44.685001373291,45.4599990844727,44.1300010681152,45.2299995422363,4237800,43.9436569213867
2022-02-28,44.4599990844727,45.0999984741211,44.2299995422363,44.8800010681152,4992600,43.6036186218262
2022-03-01,45.1599998474121,45.1599998474121,43.4799995422363,43.7200012207031,6459900,42.4766082763672
2022-03-02,44.1399993896484,45.1800003051758,44.0349998474121,44.9099998474121,7515000,43.6327590942383
2022-03-03,45.3800010681152,45.9099998474121,44.9799995422363,45.8800010681152,6534900,44.5751724243164
2022-03-04,45.189998626709,45.6399993896484,44.3250007629395,45,9055000,43.7202033996582
2022-03-07,45,45.0449981689453,43.4700012207031,43.5200004577637,7210800,42.2822875976562
2022-03-08,43.4000015258789,44.4199981689453,42.8499984741211,43.5800018310547,6755900,42.3405876159668
2022-03-09,44.439998626709,45.1399993896484,44.1349983215332,44.5900001525879,4529000,43.3218574523926
2022-03-10,43.9300003051758,44.1800003051758,43.560001373291,43.810001373291,3615800,42.5640487670898
2022-03-11,44.2799987792969,44.3199996948242,43.189998626709,43.2200012207031,3770900,41.9908256530762
2022-03-14,43.5499992370605,44.0999984741211,42.8349990844727,42.9099998474121,6058800,41.6896362304688
2022-03-15,43.5,45.3300018310547,43.4150009155273,45.2000007629395,5998100,43.9145164489746
2022-03-16,45.560001373291,47.0999984741211,45.5200004577637,46.8800010681152,5944300,45.5467376708984
2022-03-17,46.2099990844727,47.1199989318848,46.1500015258789,47.1199989318848,3766500,45.7799072265625
2022-03-18,47.1599998474121,47.8300018310547,46.6399993896484,47.7799987792969,6620000,46.4211387634277
2022-03-21,47.2799987792969,47.9300003051758,46.9799995422363,47.4799995422363,3467800,46.1296691894531
2022-03-22,47.5900001525879,47.935001373291,47.015998840332,47.4900016784668,3376000,46.1393852233887
2022-03-23,46.8600006103516,47.2900009155273,46.4500007629395,46.5200004577637,2633700,45.1969718933105
2022-03-24,46.689998626709,46.7299995422363,46.0299987792969,46.1699981689453,2676500,44.8569259643555
2022-03-25,46.189998626709,46.439998626709,45.5400009155273,46.3899993896484,3624000,45.070671081543
2022-03-28,46.439998626709,46.9099998474121,46,46.8899993896484,2417200,45.5564498901367
2022-03-29,47.7299995422363,48.4799995422363,47.1800003051758,48.0800018310547,3024300,46.7126121520996
2022-03-30,47.8800010681152,48.2200012207031,47.3600006103516,47.5699996948242,2737400,46.2171173095703
2022-03-31,47.2900009155273,47.5299987792969,45.8300018310547,45.8699989318848,4390200,44.5654525756836
2022-04-01,46.2999992370605,46.4099998474121,45.6500015258789,46.0400009155273,2540800,44.7306251525879
2022-04-04,45.5099983215332,45.7200012207031,44.6800003051758,45.25,4753300,43.9630928039551
2022-04-05,45.0400009155273,45.1749992370605,44.3400001525879,44.5400009155273,3144300,43.2732849121094
2022-04-06,43.9700012207031,44.0400009155273,43.310001373291,43.8800010681152,4214100,42.6320533752441
2022-04-07,43.3300018310547,44.0099983215332,43.0800018310547,43.689998626709,4199500,42.4474563598633
2022-04-08,43.8400001525879,44.4099998474121,43.1599998474121,43.3800010681152,3311700,42.1462783813477
2022-04-11,42.810001373291,43.2599983215332,42.3050003051758,42.439998626709,4399000,41.2330093383789
2022-04-12,42.6599998474121,43.2000007629395,41.5209999084473,41.7799987792969,4808300,40.5917778015137
2022-04-13,41.7999992370605,42.5999984741211,41.6500015258789,42.1100006103516,3202400,40.9123916625977
2022-04-14,42.1199989318848,42.3300018310547,41.2700004577637,41.2799987792969,2618300,40.1059951782227
2022-04-18,41.3300018310547,41.7799987792969,40.9599990844727,41.2900009155273,3323000,40.1157112121582
2022-04-19,41.4500007629395,42.5499992370605,41.3499984741211,42.5,4335700,41.2913055419922
2022-04-20,42.8600006103516,43.7400016784668,42.8600006103516,43.4500007629395,3667400,42.2142791748047
2022-04-21,43.8699989318848,44.6800003051758,42.5699996948242,42.8199996948242,3841000,41.6022033691406
2022-04-22,42.4599990844727,42.5499992370605,41.6100006103516,41.6699981689453,4065400,40.4849090576172
2022-04-25,41.4000015258789,42.0200004577637,40.7799987792969,41.9599990844727,3254000,40.766658782959
2022-04-26,41.5999984741211,41.7799987792969,39.9300003051758,40.0499992370605,5155000,38.9109802246094
2022-04-27,40.0900001525879,40.9300003051758,40,40.2599983215332,4349400,39.1150093078613
2022-04-28,36.2799987792969,39.6549987792969,36.2299995422363,39.4099998474121,15034800,38.432373046875
2022-04-29,39.560001373291,39.5900001525879,38.0999984741211,38.2700004577637,8408100,37.3206520080566
2022-05-02,38.5400009155273,39.0400009155273,37.6259994506836,38.5999984741211,7172200,37.6424674987793
2022-05-03,38.6100006103516,38.7799987792969,38.0400009155273,38.3800010681152,9902700,37.427921295166
2022-05-04,38.4900016784668,39.5750007629395,37.310001373291,39.4099998474121,7947300,38.432373046875
2022-05-05,38.9599990844727,39.4300003051758,37.5699996948242,37.9599990844727,5054100,37.0183410644531
2022-05-06,37.7799987792969,38,37.0699996948242,37.7799987792969,4821000,36.8428077697754
2022-05-09,37.2200012207031,38.7900009155273,37.0200004577637,38.1300010681152,6091700,37.1841201782227
2022-05-10,38.6100006103516,38.9000015258789,37.2150001525879,38.0900001525879,5792700,37.1451110839844
2022-05-11,38.0699996948242,38.7599983215332,37.5299987792969,37.5900001525879,4809700,36.6575202941895
2022-05-12,37.5099983215332,39.1399993896484,37.2799987792969,39.0999984741211,7032900,38.130054473877
2022-05-13,39.5900001525879,40.4300003051758,39.5900001525879,40.189998626709,5070700,39.1930160522461
2022-05-16,39.9300003051758,40.2750015258789,39.2599983215332,39.8600006103516,5684800,38.871208190918
2022-05-17,40.6199989318848,40.7299995422363,39.3199996948242,40.1800003051758,6868800,39.1832733154297
2022-05-18,38.75,39.4799995422363,37.2000007629395,37.3600006103516,7059600,36.4332237243652
2022-05-19,37.0999984741211,38.0099983215332,36.9099998474121,37.4099998474121,4142300,36.4819793701172
2022-05-20,37.9599990844727,38.2299995422363,36.9799995422363,37.9599990844727,5539600,37.0183410644531
2022-05-23,38.5200004577637,38.5800018310547,37.6599998474121,38.2700004577637,3170200,37.3206520080566
2022-05-24,38.0499992370605,38.25,37,37.939998626709,3252900,36.9988327026367
2022-05-25,37.6800003051758,38.4650001525879,37.5699996948242,38.2900009155273,3608400,37.3401527404785
2022-05-26,38.7000007629395,39.4650001525879,38.7000007629395,39.3300018310547,3907900,38.3543586730957
2022-05-27,39.7599983215332,40.3650016784668,39.75,40.2299995422363,3359700,39.2320289611816
2022-05-31,39.7799987792969,39.9900016784668,38.7999992370605,39.310001373291,14520500,38.3348541259766
2022-06-01,39.2700004577637,39.4099998474121,38.5099983215332,38.939998626709,2855700,37.9740257263184
2022-06-02,39.2599983215332,40.0999984741211,39.0099983215332,40.0800018310547,3231700,39.0857543945312
2022-06-03,39.6500015258789,39.8950004577637,39.4500007629395,39.5900001525879,3212600,38.6079025268555
2022-06-06,39.7700004577637,40.1450004577637,39.5400009155273,39.5699996948242,2514800,38.5883979797363
2022-06-07,39.2400016784668,40.0099983215332,39.1399993896484,39.9900016784668,2806200,38.9979858398438
2022-06-08,39.75,39.8199996948242,39.1599998474121,39.3899993896484,2830000,38.4128646850586
2022-06-09,39.189998626709,39.5999984741211,38.8400001525879,38.8499984741211,2070500,37.8862648010254
2022-06-10,38.2700004577637,38.2700004577637,37.0200004577637,37.3400001525879,3462600,36.4137191772461
2022-06-13,36.4199981689453,37.060001373291,36.0499992370605,36.4900016784668,4587300,35.5848083496094
2022-06-14,36.4099998474121,36.8300018310547,35.7700004577637,35.939998626709,3892400,35.0484504699707
2022-06-15,36.3300018310547,37.1749992370605,35.9000015258789,36.7700004577637,4040300,35.8578567504883
2022-06-16,35.8699989318848,35.9900016784668,34.3600006103516,34.5800018310547,4515200,33.7221870422363
2022-06-17,34.6500015258789,35.1800003051758,34.2400016784668,34.4099998474121,10802500,33.5564002990723
2022-06-21,34.7299995422363,35.1599998474121,34.3400001525879,35.0099983215332,4685400,34.1415176391602
2022-06-22,34.3699989318848,35.0800018310547,34.1199989318848,34.7799987792969,6304800,34.0631675720215
2022-06-23,34.6699981689453,34.9799995422363,34.4700012207031,34.8199996948242,6798300,34.1023445129395
2022-06-24,35.1599998474121,36.4000015258789,34.9650001525879,36.2999992370605,15472900,35.5518379211426
2022-06-27,36.3499984741211,36.5299987792969,35.5800018310547,36.1100006103516,3897700,35.3657608032227
2022-06-28,36.2299995422363,36.9799995422363,35.9099998474121,35.9900016784668,5341300,35.2482299804688
2022-06-29,35.9199981689453,35.9700012207031,35.2999992370605,35.7900009155273,5743200,35.0523529052734
2022-06-30,35.5200004577637,36.3499984741211,35.3199996948242,35.6599998474121,6442300,34.9250335693359
2022-07-01,35.7700004577637,36.2599983215332,35.3800010681152,36,4214200,35.2580261230469
2022-07-05,35.4099998474121,36.0900001525879,35.0099983215332,36.0699996948242,4414400,35.3265800476074
2022-07-06,36.2999992370605,36.4099998474121,35.7700004577637,36.1800003051758,3850700,35.4343185424805
2022-07-07,36.2599983215332,36.439998626709,35.7999992370605,36.4000015258789,3673600,35.6497802734375
2022-07-08,36.4099998474121,36.5050010681152,35.939998626709,36.0699996948242,3346800,35.3265800476074
2022-07-11,35.9099998474121,36.8300018310547,35.7099990844727,36.5299987792969,4201200,35.777099609375
2022-07-12,36.5400009155273,37.189998626709,35.9309997558594,36.1300010681152,3343000,35.3853454589844
2022-07-13,35.5200004577637,35.9749984741211,35.2000007629395,35.7299995422363,2347700,34.9935874938965
2022-07-14,35,35.689998626709,34.689998626709,35.6100006103516,3508500,34.8760604858398
2022-07-15,36.1199989318848,36.25,35.564998626709,36,3424000,35.2580261230469
2022-07-18,36.0999984741211,36.3300018310547,35.3899993896484,35.5499992370605,2593600,34.8172988891602
2022-07-19,36,37.2999992370605,35.9300003051758,37.1699981689453,2676000,36.4039115905762
2022-07-20,37.1500015258789,37.5299987792969,36.9650001525879,37.3899993896484,2579600,36.6193771362305
2022-07-21,37.4000015258789,38.314998626709,37.2200012207031,38.2700004577637,2799800,37.4812393188477
2022-07-22,38.4000015258789,38.6399993896484,38.064998626709,38.5,4294200,37.7065048217773
2022-07-25,38.3699989318848,38.6100006103516,37.9529991149902,38.2299995422363,4092700,37.4420623779297
2022-07-26,37.9000015258789,38.2550010681152,37.1699981689453,38.0900001525879,5430700,37.3049468994141
2022-07-27,38.3199996948242,39.6599998474121,38.0299987792969,39.5400009155273,5451500,38.7250633239746
2022-07-28,39.9000015258789,40.060001373291,38.1549987792969,39.4799995422363,6629800,38.6663017272949
2022-07-29,39.7299995422363,40.625,39.2700004577637,40.5299987792969,4777300,39.6946563720703
2022-08-01,40.1500015258789,41.0349998474121,40.1500015258789,40.5699996948242,3997200,39.7338371276855
2022-08-02,40.4099998474121,41.1399993896484,40.2050018310547,40.4099998474121,6508800,39.5771331787109
2022-08-03,40.5099983215332,40.8699989318848,39.9000015258789,40.7599983215332,4707600,39.9199142456055
2022-08-04,40.7999992370605,41.898998260498,40.7900009155273,41.810001373291,5381700,40.9482803344727
2022-08-05,41.5499992370605,41.9300003051758,41.2799987792969,41.8800010681152,5573900,41.0168342590332
2022-08-08,42.2299995422363,42.6699981689453,41.9099998474121,41.939998626709,4136400,41.0755920410156
2022-08-09,41.6599998474121,41.9000015258789,41.4799995422363,41.7599983215332,4719000,40.8993072509766
2022-08-10,42.6399993896484,43.185001373291,42.5299987792969,42.8600006103516,3437600,41.9766387939453
2022-08-11,43.060001373291,43.9099998474121,43.0200004577637,43.0499992370605,4107100,42.1627159118652
2022-08-12,43.2599983215332,44,43.0499992370605,43.9700012207031,3566700,43.0637588500977
2022-08-15,43.7599983215332,44.5050010681152,43.5200004577637,44.4099998474121,3302900,43.4946899414062
2022-08-16,44.060001373291,44.5999984741211,43.9599990844727,44.3899993896484,2430500,43.4751014709473
2022-08-17,43.8600006103516,44.4599990844727,43.7799987792969,44.1300010681152,2406100,43.220458984375
2022-08-18,44.2299995422363,44.4049987792969,43.9900016784668,44.2999992370605,2071500,43.3869552612305
2022-08-19,44,44.0800018310547,42.3250007629395,42.4799995422363,6053700,41.6044616699219
2022-08-22,41.8899993896484,41.9300003051758,41.4000015258789,41.6199989318848,5642700,40.7621955871582
2022-08-23,41.6199989318848,41.8600006103516,41.189998626709,41.4599990844727,4899500,40.6054916381836
2022-08-24,41.4500007629395,41.7700004577637,41.3250007629395,41.6599998474121,3066400,40.8013687133789
2022-08-25,42,42.2550010681152,41.5999984741211,41.9900016784668,3447200,41.124568939209
2022-08-26,42.1699981689453,42.2400016784668,40.1949996948242,40.2400016784668,2669400,39.4106369018555
2022-08-29,39.8400001525879,40.2750015258789,39.7299995422363,39.7400016784668,3837700,38.9209403991699
2022-08-30,39.810001373291,40.0900001525879,39.2200012207031,39.310001373291,6094000,38.4998092651367
2022-08-31,39.5699996948242,39.6049995422363,38.9599990844727,39.1199989318848,7306700,38.313720703125
2022-09-01,39.0299987792969,39.8199996948242,38.9669990539551,39.7900009155273,7003700,38.969913482666
2022-09-02,40.7000007629395,40.7900009155273,39.3549995422363,39.5800018310547,3601700,38.7642440795898
2022-09-06,39.7400016784668,40.310001373291,39.1699981689453,40.2999992370605,4183600,39.4693984985352
2022-09-07,40.4300003051758,41.5250015258789,40.3499984741211,41.5,3202500,40.6446647644043
2022-09-08,41.1399993896484,42.1599998474121,41.0499992370605,42.1199989318848,3962300,41.2518882751465
2022-09-09,42.2700004577637,42.6599998474121,41.9300003051758,42.1699981689453,3459300,41.300853729248
2022-09-12,42.4799995422363,42.7599983215332,41.9599990844727,42.2900009155273,3346000,41.418384552002
2022-09-13,41.2200012207031,41.7900009155273,40.810001373291,40.8800010681152,3458100,40.0374450683594
2022-09-14,40.8199996948242,40.9199981689453,39.7599983215332,40.1800003051758,4451900,39.351879119873
2022-09-15,40,40.6599998474121,39.875,40.4000015258789,3857700,39.5673408508301
2022-09-16,40.0699996948242,40.0699996948242,38.1100006103516,38.439998626709,7570600,37.6477355957031
2022-09-19,38.1399993896484,38.8899993896484,38.0299987792969,38.8199996948242,3622500,38.019905090332
2022-09-20,38.4900016784668,38.5900001525879,37.25,37.810001373291,4278000,37.0307197570801
2022-09-21,38.060001373291,38.7099990844727,37.4550018310547,37.5099983215332,3828500,36.7368965148926
2022-09-22,37.25,37.3800010681152,36.189998626709,36.2000007629395,3430600,35.4539031982422
2022-09-23,35.9500007629395,36.3899993896484,35.6279983520508,36.1100006103516,3597200,35.3657608032227
2022-09-26,35.8699989318848,36.1800003051758,34.9500007629395,35.2799987792969,3284500,34.5528602600098
2022-09-27,35.7200012207031,35.7799987792969,35.0099983215332,35.5499992370605,4334600,34.8172988891602
2022-09-28,35.5900001525879,37.185001373291,35.4799995422363,36.9000015258789,4526300,36.1394729614258
2022-09-29,36.4799995422363,36.5999984741211,35.3499984741211,35.6199989318848,4350000,34.8858604431152
2022-09-30,35.7400016784668,36.3549995422363,35.4599990844727,35.560001373291,4559200,34.827091217041
2022-10-03,35.9300003051758,37.2200012207031,35.6949996948242,36.810001373291,3184500,36.0513343811035
2022-10-04,37.4500007629395,38.6300010681152,37.3899993896484,38.5800018310547,3973700,37.7848510742188
2022-10-05,37.9199981689453,38.5299987792969,37.689998626709,38.2000007629395,2823600,37.4126815795898
2022-10-06,37.9900016784668,38.2099990844727,36.9799995422363,37.2099990844727,5592100,36.4430885314941
2022-10-07,36.7000007629395,36.9599990844727,35.0200004577637,35.3300018310547,9001800,34.6018333435059
2022-10-10,35.6500015258789,36.0449981689453,35.3800010681152,35.5999984741211,4794900,34.8662719726562
2022-10-11,35.4500007629395,35.9500007629395,34.9650001525879,35.1500015258789,5111800,34.425537109375
2022-10-12,35.189998626709,35.3899993896484,34.7700004577637,34.8800010681152,4065400,34.1611099243164
2022-10-13,33.8899993896484,35.1399993896484,33.0999984741211,34.8499984741211,7759200,34.1317253112793
2022-10-14,35.0999984741211,35.810001373291,34.3400001525879,34.5699996948242,8519800,33.8574981689453
2022-10-17,35.5200004577637,35.9900016784668,34.9199981689453,35.5499992370605,8497400,34.8172988891602
2022-10-18,36.4900016784668,36.810001373291,35.8499984741211,36.3199996948242,4229500,35.5714263916016
2022-10-19,35.8199996948242,35.8899993896484,34.5699996948242,34.8899993896484,4584800,34.1709022521973
2022-10-20,34.8899993896484,35.2599983215332,33.9300003051758,34.060001373291,4300200,33.3580055236816
2022-10-21,34.2000007629395,35.3499984741211,33.9550018310547,35.189998626709,4411100,34.464714050293
2022-10-24,35.4799995422363,36.064998626709,35.2099990844727,35.8499984741211,3761500,35.1111145019531
2022-10-25,35.7799987792969,37.3250007629395,35.7799987792969,37.2900009155273,5141700,36.5214385986328
2022-10-26,37.3699989318848,37.9300003051758,37.0800018310547,37.1399993896484,4953000,36.3745307922363
2022-10-27,38.0499992370605,38.5900001525879,37.5299987792969,37.8800010681152,7529900,37.2497215270996
2022-10-28,37.6199989318848,39.9799995422363,37.439998626709,39.9500007629395,5534100,39.2852783203125
2022-10-31,39.5099983215332,39.9900016784668,39.4249992370605,39.7599983215332,5508200,39.0984344482422
2022-11-01,40.3199996948242,40.4500007629395,39.4099998474121,39.7099990844727,5129100,39.0492668151855
2022-11-02,39.7299995422363,40.9599990844727,39.0999984741211,39.1199989318848,5876900,38.4690895080566
2022-11-03,38.0900001525879,39.7599983215332,37.939998626709,39.3699989318848,4270600,38.7149276733398
2022-11-04,40.2200012207031,40.3699989318848,39.439998626709,40.2799987792969,3400600,39.6097831726074
2022-11-07,40.4099998474121,41.1199989318848,40.1199989318848,41.0400009155273,3730200,40.3571395874023
2022-11-08,41.189998626709,41.8849983215332,40.9049987792969,41.4099998474121,3359800,40.7209854125977
2022-11-09,41.060001373291,41.3600006103516,40.2750015258789,40.3400001525879,2803200,39.6687850952148
2022-11-10,42.3300018310547,43.7299995422363,42.2000007629395,43.4799995422363,5863500,42.7565383911133
2022-11-11,43.4000015258789,44.7519989013672,43.1990013122559,44.439998626709,4760300,43.7005653381348
2022-11-14,44.0099983215332,44.4300003051758,43.5900001525879,43.6100006103516,3731600,42.8843765258789
2022-11-15,44.5200004577637,44.8899993896484,43.8499984741211,44.3499984741211,3127800,43.6120643615723
2022-11-16,44.3499984741211,44.5,43.5400009155273,43.8600006103516,2936200,43.1302185058594
2022-11-17,43.2400016784668,43.3199996948242,42.1300010681152,43.0400009155273,3077800,42.323860168457
2022-11-18,43.9300003051758,44.2220001220703,43.3600006103516,43.9199981689453,4272700,43.1892166137695
2022-11-21,43.8800010681152,44.0499992370605,43.5999984741211,43.8899993896484,2477100,43.1597175598145
2022-11-22,44.25,44.2999992370605,43.7449989318848,44.0400009155273,3125500,43.3072242736816
2022-11-23,44.1100006103516,44.6300010681152,43.810001373291,44.1599998474121,2606700,43.4252243041992
2022-11-25,44.2000007629395,44.4099998474121,44.0999984741211,44.2099990844727,986300,43.4743919372559
2022-11-28,43.8499984741211,44.2000007629395,43.1399993896484,43.310001373291,2370700,42.5893745422363
2022-11-29,43.1699981689453,43.7299995422363,43.0800018310547,43.5200004577637,3259800,42.7958793640137
2022-11-30,43.3699989318848,44.3899993896484,42.1450004577637,44.3199996948242,8731200,43.5825614929199
2022-12-01,44.8199996948242,45.2200012207031,44.3950004577637,44.9300003051758,4361500,44.1824188232422
2022-12-02,44.1399993896484,45,43.9199981689453,44.6800003051758,3857000,43.9365730285645
2022-12-05,43.9700012207031,44.0449981689453,43.2000007629395,43.7599983215332,3726200,43.0318794250488
2022-12-06,43.8499984741211,43.9500007629395,42.4900016784668,43.0200004577637,2505200,42.3041954040527
2022-12-07,43.0499992370605,43.6100006103516,42.75,43.0800018310547,3973900,42.3631973266602
2022-12-08,43.2400016784668,43.7550010681152,43.1199989318848,43.4700012207031,2524200,42.746711730957
2022-12-09,43.3600006103516,43.5999984741211,42.9500007629395,43.0200004577637,3065200,42.3041954040527
2022-12-12,42.6100006103516,43.3050003051758,42.3849983215332,43.2599983215332,3593600,42.5401992797852
2022-12-13,44.7200012207031,45,43.7999992370605,44.3199996948242,6015600,43.5825614929199
2022-12-14,44.5900001525879,44.6199989318848,43.3499984741211,43.7999992370605,4045000,43.071216583252
2022-12-15,43.1399993896484,43.2900009155273,42.0699996948242,42.4599990844727,4416800,41.7535133361816
2022-12-16,41.9599990844727,42.2000007629395,41.5200004577637,41.75,5812700,41.0553245544434
2022-12-19,41.8400001525879,42.1300010681152,41.1749992370605,41.5,3217400,40.8094863891602
2022-12-20,41.3600006103516,41.6399993896484,41.2400016784668,41.3699989318848,2909300,40.6816444396973
2022-12-21,41.7299995422363,42.2200012207031,41.560001373291,42.0900001525879,2578800,41.5755882263184
2022-12-22,41.5400009155273,42.0200004577637,41.0299987792969,41.6800003051758,2885200,41.1706008911133
2022-12-23,41.5299987792969,41.814998626709,41.2799987792969,41.7900009155273,1875100,41.2792587280273
2022-12-27,41.6800003051758,42.4099998474121,41.6100006103516,41.8699989318848,2228900,41.3582763671875
2022-12-28,41.8400001525879,42.0299987792969,40.939998626709,40.9599990844727,2107100,40.459400177002
2022-12-29,41.4000015258789,41.9900016784668,41.0900001525879,41.8499984741211,1966300,41.3385238647461
2022-12-30,41.4199981689453,41.689998626709,40.8300018310547,41.25,2248700,40.7458572387695
2023-01-03,41.939998626709,42.0900001525879,41.1450004577637,41.6100006103516,2866100,41.1014556884766
2023-01-04,42.3699989318848,42.5800018310547,41.7350006103516,42.0299987792969,3491900,41.5163192749023
2023-01-05,41.5099983215332,42.0800018310547,41.1199989318848,41.5299987792969,3891000,41.0224304199219
2023-01-06,41.8699989318848,43.3499984741211,41.7299995422363,43.1300010681152,2726800,42.6028785705566
2023-01-09,43.310001373291,44.2050018310547,42.9799995422363,43.5,3384900,42.9683570861816
2023-01-10,43.75,44.0900001525879,43.1800003051758,44,3421000,43.4622459411621
2023-01-11,44.4000015258789,45.25,44.2700004577637,45.189998626709,5300500,44.6377029418945
2023-01-12,45.5,45.6699981689453,44.9199981689453,45.25,3275800,44.6969680786133
2023-01-13,45.0400009155273,46.060001373291,45.0099983215332,45.8699989318848,2826900,45.3093872070312
2023-01-17,45.9099998474121,46.1349983215332,45.3050003051758,45.4300003051758,3619800,44.8747673034668
2023-01-18,45.6500015258789,45.6549987792969,43.3899993896484,43.5200004577637,5291500,42.9881134033203
2023-01-19,43.1399993896484,43.1399993896484,41.8899993896484,41.9099998474121,4846600,41.3977851867676
2023-01-20,42,42.6450004577637,41.7700004577637,42.5699996948242,5217500,42.0497207641602
2023-01-23,42.5900001525879,43.2849998474121,42.4300003051758,43.2799987792969,3633100,42.7510452270508
2023-01-24,43.3300018310547,44.0299987792969,42.8600006103516,43.7000007629395,4191600,43.1659126281738
2023-01-25,43.189998626709,43.6049995422363,42.7999992370605,43.5099983215332,2911700,42.9782371520996
2023-01-26,43.7900009155273,44,43.1699981689453,43.6500015258789,2460100,43.1165237426758
2023-01-27,43.4900016784668,43.9900016784668,43.3800010681152,43.6199989318848,1868900,43.0868873596191
2023-01-30,43.3800010681152,43.9900016784668,43.3800010681152,43.5800018310547,2620900,43.0473785400391
2023-01-31,44.2000007629395,45.6100006103516,44.0349998474121,45.5299987792969,4687500,44.9735450744629
2023-02-01,45.1599998474121,46.564998626709,44.6300010681152,46.1399993896484,5878800,45.5760917663574
2023-02-02,46.7400016784668,47.4850006103516,46.5449981689453,47.1300010681152,3979100,46.5539894104004
2023-02-03,46.5400009155273,47.4080009460449,46.3600006103516,46.8899993896484,3448400,46.3169250488281
2023-02-06,46.2900009155273,46.7400016784668,45.9199981689453,46.1500015258789,4829500,45.5859718322754
2023-02-07,43.7400016784668,44.6599998474121,43.5499992370605,44.3899993896484,8139800,43.8474769592285
2023-02-08,44.7400016784668,45.3499984741211,44.3199996948242,45.060001373291,5003700,44.5092926025391
2023-02-09,45.4500007629395,46.0200004577637,44.8699989318848,44.9199981689453,3884000,44.3709983825684
2023-02-10,44.6699981689453,45.0149993896484,44.4199981689453,44.8300018310547,3360500,44.2821044921875
2023-02-13,44.9300003051758,45.6399993896484,44.7999992370605,45.439998626709,3193000,44.8846435546875
2023-02-14,45.2099990844727,45.5989990234375,44.7799987792969,45.1300010681152,3001000,44.5784339904785
2023-02-15,44.6500015258789,45.5,44.6049995422363,45.4799995422363,2492200,44.9241561889648
2023-02-16,44.5900001525879,45.6300010681152,44.4650001525879,45.2299995422363,3865900,44.6772117614746
2023-02-17,45.060001373291,45.2799987792969,44.5699996948242,45.2200012207031,2520900,44.6673393249512
2023-02-21,44.7400016784668,44.8800010681152,43.6549987792969,43.8300018310547,4145900,43.2943267822266
2023-02-22,44.060001373291,44.25,43.3950004577637,43.5999984741211,4776700,43.0671310424805
2023-02-23,43.9199981689453,44.5800018310547,43.7400016784668,44.4500007629395,5376600,43.9067459106445
2023-02-24,43.8199996948242,44.4550018310547,43.5999984741211,44.25,3080500,43.7091903686523
2023-02-27,44.75,45.1100006103516,44.5499992370605,44.9599990844727,3543300,44.4105110168457
2023-02-28,44.8499984741211,45.6599998474121,44.8050003051758,45.0299987792969,8580600,44.4796524047852
2023-03-01,44.8899993896484,45.6699981689453,44.8499984741211,45.5900001525879,5315600,45.0328140258789
2023-03-02,45.2400016784668,46.2000007629395,45.1699981689453,46.0900001525879,4663000,45.5267028808594
2023-03-03,46.4500007629395,47.9199981689453,46.3199996948242,47.7900009155273,5822700,47.205924987793
2023-03-06,47.7900009155273,48.6749992370605,47.5400009155273,48.3800010681152,8572500,47.7887153625488
2023-03-07,48.4000015258789,49.1699981689453,47.4900016784668,47.5499992370605,7577900,46.9688529968262
2023-03-08,47.7400016784668,47.9300003051758,46.9150009155273,47.3899993896484,4278500,46.8108139038086
2023-03-09,47.4599990844727,47.5149993896484,46.060001373291,46.1500015258789,4393800,45.5859718322754
2023-03-10,46.2000007629395,46.75,45.1349983215332,45.6399993896484,6072800,45.082202911377
2023-03-13,45.1199989318848,45.4199981689453,44.5299987792969,44.75,5558700,44.2030754089355
2023-03-14,45.6800003051758,46.4850006103516,45.2000007629395,45.75,5854300,45.1908569335938
2023-03-15,44.7299995422363,44.9900016784668,42.3400001525879,43.310001373291,8194600,42.7806816101074
2023-03-16,43.0699996948242,44.7400016784668,42.7299995422363,44.4799995422363,5224300,43.9363822937012
2023-03-17,44.2150001525879,44.3699989318848,43,43.75,8427500,43.2152976989746
2023-03-20,44.1199989318848,45.1500015258789,43.9799995422363,44.9900016784668,3888700,44.4401473999023
2023-03-21,45.6100006103516,45.9570007324219,44.9700012207031,45.2000007629395,4283200,44.6475791931152
2023-03-22,45.1699981689453,45.6399993896484,44.1100006103516,44.1800003051758,4161600,43.6400451660156
2023-03-23,44.2299995422363,45.2000007629395,43.8699989318848,44.2999992370605,4330600,43.7585754394531
2023-03-24,43.689998626709,43.9300003051758,43.0099983215332,43.9199981689453,5157600,43.3832206726074
2023-03-27,44.689998626709,44.8600006103516,44.0610008239746,44.2999992370605,3387200,43.7585754394531
2023-03-28,45.4199981689453,45.5200004577637,44.5200004577637,44.75,2276400,44.2030754089355
2023-03-29,45.2599983215332,45.5999984741211,45,45.3800010681152,3278300,44.825382232666
2023-03-30,45.6599998474121,45.8499984741211,44.9799995422363,45.0900001525879,4046900,44.5389251708984
2023-03-31,45.7599983215332,46.0800018310547,45.3250007629395,45.75,4795800,45.1908569335938
2023-04-03,45.5099983215332,45.9599990844727,45.2299995422363,45.689998626709,4055300,45.131591796875
2023-04-04,45.5999984741211,45.7400016784668,42.6450004577637,42.8899993896484,7067600,42.3658142089844
2023-04-05,43.1800003051758,43.1800003051758,41.7050018310547,42.0999984741211,6323100,41.5854644775391
2023-04-06,42.1100006103516,42.310001373291,41.2900009155273,41.7999992370605,4861900,41.289134979248
2023-04-10,41.7999992370605,42.3199996948242,41.4799995422363,42.2999992370605,2859500,41.7830238342285
2023-04-11,42.439998626709,44.9500007629395,42.3400001525879,43.5200004577637,10205900,42.9881134033203
2023-04-12,44,44.3450012207031,43.5800018310547,43.8600006103516,4310400,43.3239593505859
2023-04-13,43.7599983215332,44.314998626709,43.0999984741211,44.0999984741211,4686900,43.5610237121582
2023-04-14,44.3199996948242,44.8699989318848,43.8650016784668,44.2999992370605,4449500,43.7585754394531
2023-04-17,44.5,44.9199981689453,44.3499984741211,44.7700004577637,3442700,44.2228355407715
2023-04-18,45.25,45.439998626709,44.5449981689453,44.810001373291,3688700,44.2623443603516
2023-04-19,44.5299987792969,45.1100006103516,44.5110015869141,44.9799995422363,4034700,44.4302673339844
2023-04-20,44.7799987792969,45.4850006103516,44.5499992370605,45.3800010681152,4965900,44.825382232666
2023-04-21,45.3800010681152,45.5299987792969,45.0200004577637,45.2200012207031,4338800,44.6673393249512
2023-04-24,45.3699989318848,47.2099990844727,41.5400009155273,41.9300003051758,20848600,41.4175415039062
2023-04-25,42.7799987792969,43.2999992370605,42.1100006103516,42.3199996948242,10038400,41.8027763366699
2023-04-26,41.189998626709,41.4599990844727,40.4000015258789,40.6500015258789,13613200,40.153190612793
2023-04-27,41.1399993896484,41.5349998474121,40.4749984741211,41.4599990844727,9896000,40.9532852172852
2023-04-28,41.560001373291,42.2900009155273,41.4599990844727,41.8199996948242,6033900,41.3088912963867
2023-05-01,41.6199989318848,41.9599990844727,41.0349998474121,41.1699981689453,5322500,40.6668319702148
2023-05-02,41.4799995422363,41.8499984741211,40.3499984741211,41.8199996948242,7361700,41.3088912963867
2023-05-03,41.9000015258789,42.5550003051758,40.8199996948242,41.0900001525879,6212600,40.5878105163574
2023-05-04,40.6500015258789,41.1100006103516,40.2799987792969,41.0999984741211,7327700,40.7812957763672
2023-05-05,41.9300003051758,42.4799995422363,41.7000007629395,42.3800010681152,6581600,42.0513763427734
2023-05-08,42.8899993896484,43.0400009155273,42.2099990844727,42.5999984741211,6666800,42.2696647644043
2023-05-09,42.5099983215332,43.0800018310547,42.3699989318848,42.7799987792969,5662700,42.4482688903809
2023-05-10,43.3800010681152,43.5400009155273,42.4799995422363,43.0800018310547,6609000,42.7459449768066
2023-05-11,43.0900001525879,43.1300010681152,42.560001373291,42.8300018310547,4128800,42.4978866577148
2023-05-12,42.8899993896484,43.0900001525879,41.8009986877441,42.4000015258789,4160600,42.0712203979492
2023-05-15,42.1199989318848,42.8899993896484,41.9550018310547,42.810001373291,4415400,42.4780387878418
2023-05-16,42.439998626709,42.8600006103516,42.0200004577637,42.1500015258789,7685500,41.8231582641602
2023-05-17,42.3699989318848,43.2350006103516,42.3499984741211,42.9000015258789,4742900,42.5673408508301
2023-05-18,42.7099990844727,43.3899993896484,42.5950012207031,43.2700004577637,2763700,42.9344711303711
2023-05-19,43.6399993896484,43.6800003051758,42.4599990844727,42.7900009155273,4903400,42.458194732666
2023-05-22,42.7099990844727,43.0999984741211,42.2799987792969,42.4300003051758,3979100,42.1009864807129
2023-05-23,41.9900016784668,42.310001373291,41.2599983215332,41.5099983215332,4141400,41.1881141662598
2023-05-24,41.4700012207031,41.5900001525879,40.9650001525879,41.2999992370605,6428300,40.9797477722168
2023-05-25,41.6100006103516,41.689998626709,40.9900016784668,41.2000007629395,5394400,40.8805236816406
2023-05-26,41.5200004577637,41.5999984741211,40.7299995422363,40.8899993896484,4815800,40.572925567627
2023-05-30,40.9799995422363,41.8199996948242,40.5400009155273,41.75,7229600,41.4262580871582
2023-05-31,41.1699981689453,41.5,40.4900016784668,40.9000015258789,10124000,40.5828475952148
2023-06-01,41.0400009155273,41.5299987792969,40.7099990844727,41.5,3883800,41.1781959533691
2023-06-02,42.0800018310547,43.6349983215332,41.9799995422363,43.439998626709,6509700,43.1031532287598
2023-06-05,43.5699996948242,43.5699996948242,42.8899993896484,43.2000007629395,3802200,42.8650131225586
2023-06-06,43.1500015258789,44.189998626709,43.0099983215332,43.8499984741211,3256800,43.5099716186523
2023-06-07,43.9900016784668,45.6199989318848,43.8600006103516,45.5999984741211,7062900,45.2464027404785
2023-06-08,44.0999984741211,45.6199989318848,44.0999984741211,45.5999984741211,6124100,45.2464027404785
2023-06-09,45.8300018310547,45.8899993896484,44.7200012207031,45.2999992370605,5920200,44.9487266540527
2023-06-12,45.2799987792969,46.060001373291,44.9000015258789,45.8300018310547,5371500,45.4746208190918
2023-06-13,46.5,46.8699989318848,46.3499984741211,46.7700004577637,4301500,46.4073333740234
2023-06-14,47.1300010681152,47.2200012207031,45.7900009155273,46.1599998474121,7078900,45.802059173584
2023-06-15,45.810001373291,46.7200012207031,45.4000015258789,46.5400009155273,5493500,46.1791152954102
2023-06-16,47.2999992370605,47.4099998474121,46.5299987792969,46.8800010681152,9587800,46.5164794921875
2023-06-20,46.5299987792969,47.6300010681152,46.4500007629395,47.6100006103516,6529700,47.2408180236816
2023-06-21,47.3800010681152,48.4199981689453,47.2799987792969,48.2200012207031,7084200,47.8460884094238
2023-06-22,47.9900016784668,48.060001373291,47.5699996948242,47.8600006103516,5804200,47.6717758178711
2023-06-23,47.5200004577637,48.4300003051758,47.2599983215332,48.0499992370605,5922800,47.861026763916
2023-06-26,48.060001373291,49,48.060001373291,48.6300010681152,5073200,48.4387474060059
2023-06-27,48.9900016784668,49.5950012207031,48.7200012207031,49.4900016784668,4387300,49.2953643798828
2023-06-28,49.25,49.6300010681152,49.1100006103516,49.3199996948242,3325600,49.126033782959
2023-06-29,49.310001373291,49.689998626709,49.2000007629395,49.4900016784668,5287600,49.2953643798828
2023-06-30,49.6399993896484,50.0849990844727,49.4199981689453,49.7099990844727,4305900,49.5144996643066
2023-07-03,49.7299995422363,50.1650009155273,49.5400009155273,50.0400009155273,2039300,49.8432006835938
2023-07-05,49.9300003051758,50.1599998474121,49.2249984741211,49.2400016784668,2612200,49.0463485717773
2023-07-06,49.0400009155273,49.1500015258789,48.3499984741211,49.0699996948242,4292000,48.8770141601562
2023-07-07,48.8199996948242,49.9199981689453,48.8199996948242,49.3300018310547,2885800,49.1359939575195
2023-07-10,49.5349998474121,51.2799987792969,49.5099983215332,51.2599983215332,5221400,51.0584030151367
2023-07-11,51.5200004577637,53.0299987792969,51.5099983215332,53,8662600,52.791561126709
2023-07-12,53.5099983215332,53.9000015258789,52.6399993896484,53.1199989318848,7832600,52.9110870361328
2023-07-13,53.2700004577637,53.5400009155273,52.7299995422363,53.1199989318848,4948300,52.9110870361328
2023-07-14,53,54.0550003051758,52.7999992370605,53.8400001525879,6195900,53.6282577514648
2023-07-17,53.8499984741211,54.7099990844727,53.5050010681152,54.560001373291,5999900,54.3454246520996
2023-07-18,54.6599998474121,55.2599983215332,54.6500015258789,55.2400016784668,4199700,55.0227508544922
2023-07-19,55.0400009155273,55.5800018310547,54.7949981689453,55.2299995422363,6122600,55.0127906799316
2023-07-20,55.5,55.5,54.2599983215332,54.6699981689453,5500700,54.4549903869629
2023-07-21,54.5900001525879,54.6129989624023,53.439998626709,53.75,6365400,53.5386085510254
2023-07-24,53.5499992370605,54.5,53.5,53.810001373291,3560100,53.5983772277832
2023-07-25,53.5,54.2099990844727,53.3699989318848,53.9099998474121,3914600,53.6979789733887
2023-07-26,53.689998626709,54.439998626709,53.6349983215332,54.4300003051758,6769100,54.215934753418
2023-07-27,53.6399993896484,57.1300010681152,53.6399993896484,56.75,9557000,56.5268135070801
2023-07-28,57.3800010681152,59.1699981689453,57.2400016784668,58.9900016784668,8727200,58.7580032348633
2023-07-31,58.9799995422363,59.7999992370605,58.7900009155273,59.5499992370605,6154100,59.3157997131348
2023-08-01,59.3499984741211,60.0400009155273,59.060001373291,59.7999992370605,4086200,59.5648155212402
2023-08-02,59.5499992370605,59.6100006103516,58.4700012207031,58.9799995422363,4812000,58.7480392456055
2023-08-03,59,59,58.0449981689453,58.0999984741211,5041500,57.8715019226074
2023-08-04,58.439998626709,58.439998626709,56.4500007629395,57.0800018310547,7313900,56.8555145263672
2023-08-07,57.3199996948242,58.310001373291,57.0849990844727,58.0999984741211,3583400,57.8715019226074
2023-08-08,57.4099998474121,57.5449981689453,56.2400016784668,57.3899993896484,3318600,57.1642951965332
2023-08-09,57.2999992370605,57.2999992370605,55.5999984741211,56.1599998474121,5306700,55.9391326904297
2023-08-10,56.25,56.560001373291,55.2849998474121,55.4000015258789,3643400,55.1821212768555
2023-08-11,55.2799987792969,56.0400009155273,55.0299987792969,55.5400009155273,3291800,55.3215713500977
2023-08-14,55.0900001525879,56.310001373291,55.0299987792969,56.0200004577637,4056800,55.7996826171875
2023-08-15,55.6399993896484,55.8899993896484,55.2999992370605,55.4099998474121,3548500,55.192081451416
2023-08-16,55.2599983215332,56.0900001525879,54.2900009155273,54.4700012207031,4872100,54.2557792663574
2023-08-17,54.3499984741211,54.3800010681152,52.6199989318848,53.0499992370605,7003300,52.8413619995117
2023-08-18,52.75,53.5900001525879,52.6150016784668,53.3899993896484,4763800,53.1800270080566
2023-08-21,53.1699981689453,53.7249984741211,52.8499984741211,53.5699996948242,3843700,53.359317779541
2023-08-22,53.9099998474121,54.1049995422363,53.5499992370605,53.7999992370605,3296900,53.5884132385254
2023-08-23,53.9599990844727,55.7599983215332,53.9449996948242,55.2299995422363,5731300,55.0127906799316
2023-08-24,55.0400009155273,55.814998626709,53.8800010681152,53.9300003051758,4317900,53.717903137207
2023-08-25,54.4799995422363,55.4599990844727,53.8400001525879,55.0200004577637,3650500,54.8036155700684
2023-08-28,55.4700012207031,56.1100006103516,55.3199996948242,55.5699996948242,2735300,55.3514518737793
2023-08-29,55.4099998474121,56.8800010681152,55.2900009155273,56.7599983215332,2976600,56.5367698669434
2023-08-30,56.75,57.4000015258789,56.7299995422363,57.1800003051758,3026800,56.9551200866699
2023-08-31,57.2999992370605,58.0800018310547,57.2999992370605,57.4500007629395,5110500,57.2240600585938
2023-09-01,57.7299995422363,58.2599983215332,57.5900001525879,57.939998626709,2428000,57.7121315002441
2023-09-05,57.8800010681152,58.2599983215332,56.0299987792969,56.4199981689453,3240800,56.1981086730957
2023-09-06,56.4000015258789,57.2599983215332,56.0499992370605,56.4000015258789,4024500,56.1781883239746
2023-09-07,56.1199989318848,57.4900016784668,55.8400001525879,57.25,3564500,57.024845123291
2023-09-08,57.2000007629395,59.25,57.1100006103516,58.6599998474121,7177000,58.4292984008789
2023-09-11,59.0499992370605,59.4900016784668,58.2299995422363,58.939998626709,4608600,58.7081985473633
2023-09-12,58.7400016784668,59.2000007629395,56.2700004577637,56.5800018310547,6302400,56.3574829101562
2023-09-13,56.4500007629395,56.5299987792969,54.6100006103516,55.2400016784668,6016900,55.0227508544922
2023-09-14,55.5200004577637,55.7949981689453,53.6300010681152,54.7599983215332,5495600,54.5446357727051
2023-09-15,54.3300018310547,54.7599983215332,53.8800010681152,54.4599990844727,6097400,54.2458152770996
2023-09-18,54.2900009155273,55.0400009155273,54.1150016784668,54.3899993896484,2859200,54.1760940551758
2023-09-19,54.1500015258789,54.5800018310547,52.1599998474121,53.8499984741211,5644100,53.6382141113281
2023-09-20,54.2999992370605,54.7200012207031,53.7599983215332,53.8300018310547,2856600,53.6182975769043
2023-09-21,53.2799987792969,53.5,52.2799987792969,52.560001373291,4185400,52.3532905578613
2023-09-22,52.810001373291,53.3899993896484,52.4000015258789,52.8699989318848,3466100,52.6620712280273
2023-09-25,52.8199996948242,53.7299995422363,52.5800018310547,53.5800018310547,3203000,53.3692817687988
2023-09-26,53.0999984741211,54.6949996948242,52.2000007629395,52.7200012207031,7229200,52.5126609802246
2023-09-27,53.4199981689453,55.3800010681152,53.4099998474121,55.0800018310547,7201400,54.8633804321289
2023-09-28,55,57.1199989318848,54.9700012207031,55.939998626709,5618900,55.7199974060059
2023-09-29,56.3800010681152,56.5,54.9300003051758,55.2000007629395,3883400,54.98291015625
2023-10-02,55.0099983215332,55.6500015258789,54.1399993896484,54.560001373291,3948000,54.3454246520996
2023-10-03,54.2400016784668,54.4500007629395,52.9000015258789,53.5200004577637,4471900,53.3095169067383
2023-10-04,53.7000007629395,54.8450012207031,53.1699981689453,54.6100006103516,4563300,54.3952293395996
2023-10-05,53.1399993896484,54.2700004577637,53.0200004577637,53.5099983215332,5156500,53.2995529174805
2023-10-06,51.8400001525879,54.6399993896484,51.5099983215332,54.2799987792969,5394300,54.0665245056152
2023-10-09,53.939998626709,55.0699996948242,53.3699989318848,55.0200004577637,2259500,54.8036155700684
2023-10-10,55.4700012207031,56.0999984741211,54.8899993896484,55.4199981689453,2667000,55.2020416259766
2023-10-11,55.4599990844727,56.1949996948242,55.310001373291,56.0400009155273,2078700,55.8196067810059
2023-10-12,55.1199989318848,55.5149993896484,54.1699981689453,54.4799995422363,4401800,54.265739440918
2023-10-13,54.4199981689453,54.6599998474121,52.2649993896484,52.560001373291,5447300,52.3532905578613
2023-10-16,53.3899993896484,54.0699996948242,53.0200004577637,53.1500015258789,5269100,52.9409713745117
2023-10-17,52.6599998474121,53.3699989318848,52.3400001525879,52.9000015258789,7323200,52.6919555664062
2023-10-18,52.0299987792969,52.0800018310547,50.0200004577637,50.1500015258789,5847200,49.9527702331543
2023-10-19,49.9099998474121,50.5900001525879,48.7900009155273,49,6619900,48.8072929382324
2023-10-20,48.9700012207031,48.9799995422363,47.7799987792969,48.2799987792969,6322100,48.0901222229004
2023-10-23,48.4000015258789,49.2400016784668,48.0699996948242,48.5,4821800,48.3092575073242
2023-10-24,48.8400001525879,49.1199989318848,47.9500007629395,48.1500015258789,5126600,47.960636138916
2023-10-25,47.8699989318848,48.310001373291,46.810001373291,47.0400009155273,10203100,46.8549995422363
2023-10-26,48.9099998474121,50,46.189998626709,46.4000015258789,9527500,46.4000015258789
2023-10-27,46.1100006103516,46.7200012207031,45.6800003051758,46.5,6082500,46.5
2023-10-30,46.9599990844727,47.7099990844727,46.7700004577637,47.3699989318848,5355800,47.3699989318848
2023-10-31,47.3400001525879,48.0900001525879,47.1199989318848,47.6599998474121,5035100,47.6599998474121
2023-11-01,48.0299987792969,50.0200004577637,47.6349983215332,49.6599998474121,5725500,49.6599998474121
