"Fecha","OGN.Open","OGN.High","OGN.Low","OGN.Close","OGN.Volume","OGN.Adjusted"
2021-05-14,31,33.25,31,33.25,342900,30.3893299102783
2021-05-17,34,35,34,34.0999984741211,31500,31.1661949157715
2021-05-18,34.4799995422363,38.4210014343262,34.4799995422363,37.5,48900,34.2736778259277
2021-05-19,37,37.75,37,37.5,43900,34.2736778259277
2021-05-20,37.5,37.75,37.5,37.75,22900,34.5021743774414
2021-05-21,38.5,38.5,37.5,37.5999984741211,18300,34.3650817871094
2021-05-24,38,38.25,37.9000015258789,38,30600,34.7306671142578
2021-05-25,38.75,38.75,36.9000015258789,36.9500007629395,35800,33.7709999084473
2021-05-26,38,38,36,36.8300018310547,44400,33.6613349914551
2021-05-27,37,37,35.5,35.5,40700,32.4457511901855
2021-05-28,36,37.109001159668,35.75,35.75,60800,32.6742401123047
2021-06-01,36.6500015258789,37.4589996337891,35.9000015258789,36,52000,32.9027404785156
2021-06-02,36.5,36.7400016784668,34.5,35.2599983215332,1306900,32.2263984680176
2021-06-03,34.1500015258789,38.2400016784668,32.2200012207031,37,22326000,33.8166961669922
2021-06-04,36.1500015258789,36.1699981689453,33.7099990844727,34.1500015258789,7502300,31.2119064331055
2021-06-07,33.5999984741211,33.8800010681152,30.8500003814697,31.4200000762939,11513100,28.716775894165
2021-06-08,30.3299999237061,30.9099998474121,28.5300006866455,28.9099998474121,18500300,26.4227237701416
2021-06-09,28.2999992370605,29.4400005340576,27.25,28.4500007629395,14563600,26.0023021697998
2021-06-10,28.4599990844727,31.1599998474121,28.3999996185303,30.3299999237061,11205900,27.7205543518066
2021-06-11,30.3799991607666,30.3799991607666,29.3999996185303,29.6499996185303,5728900,27.0990562438965
2021-06-14,30.0799999237061,30.6299991607666,29.2700004577637,30.2800006866455,6972000,27.6748580932617
2021-06-15,30.0300006866455,32.0900001525879,29.7999992370605,31.8099994659424,6339100,29.0732192993164
2021-06-16,31.5200004577637,31.6499996185303,30.2700004577637,30.7000007629395,5288100,28.058723449707
2021-06-17,30.4899997711182,31.7299995422363,30.1000003814697,31.4599990844727,5086400,28.7533340454102
2021-06-18,31.5,31.7099990844727,29.9599990844727,29.9799995422363,10213800,27.4006671905518
2021-06-21,30.2000007629395,30.6700000762939,29.3600006103516,29.4099998474121,3542700,26.8797054290771
2021-06-22,29.25,29.8700008392334,28.8449993133545,29.5300006866455,4218300,26.9893836975098
2021-06-23,29.5300006866455,30.0799999237061,29.1000003814697,29.5,3880900,26.9619655609131
2021-06-24,29.3899993896484,30.0699996948242,29.2999992370605,29.7700004577637,2769600,27.2087345123291
2021-06-25,29.7700004577637,30.8700008392334,29.2099990844727,30.1900005340576,13582700,27.5926036834717
2021-06-28,29.6900005340576,31.0300006866455,29.4099998474121,30.9400005340576,3106200,28.2780723571777
2021-06-29,30.9799995422363,31.3199996948242,30.4599990844727,30.5499992370605,2256700,27.9216270446777
2021-06-30,30.3299999237061,30.8299999237061,30.25,30.2600002288818,2011100,27.6565742492676
2021-07-01,30.1100006103516,31.2399997711182,30.0599994659424,30.8199996948242,2437100,28.1683979034424
2021-07-02,30.7099990844727,31.1200008392334,30.2999992370605,30.8600006103516,1813100,28.2049560546875
2021-07-06,30.6000003814697,31.1000003814697,29.8999996185303,31,2853500,28.3329086303711
2021-07-07,31,31.0400009155273,29.8700008392334,30.1200008392334,2936200,27.528621673584
2021-07-08,29.6499996185303,30.1800003051758,29.2600002288818,29.6499996185303,1931400,27.0990562438965
2021-07-09,29.9500007629395,30.2800006866455,29.5900001525879,30.1000003814697,2345700,27.5103454589844
2021-07-12,29.7700004577637,30.3799991607666,29.5699996948242,29.7399997711182,1855700,27.1813163757324
2021-07-13,29.5,29.8850002288818,28.9599990844727,29.1000003814697,2047900,26.596378326416
2021-07-14,28.9799995422363,29.3999996185303,28.8400001525879,29.3400001525879,2004600,26.8157291412354
2021-07-15,28.8500003814697,29.4899997711182,28.6900005340576,28.9099998474121,2112300,26.4227237701416
2021-07-16,28.7700004577637,29,28.4200000762939,28.8700008392334,1757700,26.3861694335938
2021-07-19,28.6299991607666,29.1700000762939,28.5400009155273,29.1399993896484,2261600,26.6329345703125
2021-07-20,29.1700000762939,29.7800006866455,29.0599994659424,29.6100006103516,1922600,27.0624980926514
2021-07-21,29.6599998474121,30.5,29.5300006866455,30.4599990844727,2068400,27.8393707275391
2021-07-22,30.4300003051758,31.0599994659424,30.25,30.9200000762939,2221100,28.2597961425781
2021-07-23,30.8899993896484,30.9200000762939,29.7119998931885,29.7999992370605,1618100,27.2361526489258
2021-07-26,29.7099990844727,30.2099990844727,29.1800003051758,29.6599998474121,1526900,27.1081981658936
2021-07-27,29.3600006103516,29.6399993896484,28.8250007629395,29.1200008392334,2005300,26.6146583557129
2021-07-28,29.1299991607666,29.8700008392334,29,29.7399997711182,1854600,27.1813163757324
2021-07-29,29.5900001525879,29.8600006103516,29.2099990844727,29.2299995422363,1777000,26.7151947021484
2021-07-30,29.0599994659424,29.3999996185303,28.9099998474121,29.0100002288818,1504200,26.5141201019287
2021-08-02,29.0799999237061,29.6350002288818,29.0400009155273,29.5300006866455,1761600,26.9893836975098
2021-08-03,29.2800006866455,29.5799999237061,29.0100002288818,29.5100002288818,1386700,26.9711036682129
2021-08-04,29.3199996948242,29.3199996948242,28.6100006103516,28.6299991607666,1851700,26.1668148040771
2021-08-05,28.6399993896484,29.5799999237061,28.5,29.5599994659424,2190600,27.0168018341064
2021-08-06,29.4899997711182,29.7800006866455,29.1700000762939,29.5,1298600,26.9619655609131
2021-08-09,29.7800006866455,30,28.9200000762939,29.1000003814697,1982600,26.596378326416
2021-08-10,29.0799999237061,30.4850006103516,28.9200000762939,30.3500003814697,2980200,27.7388362884521
2021-08-11,30.3500003814697,30.3999996185303,29.7199993133545,29.9300003051758,1868800,27.3549709320068
2021-08-12,31.0599994659424,34,31,33.5,7826700,30.6178226470947
2021-08-13,33.5,34.4900016784668,32.8600006103516,34.2099990844727,3441500,31.2667427062988
2021-08-16,34.2400016784668,34.7900009155273,33.9099998474121,34.3300018310547,2742100,31.3764152526855
2021-08-17,34.7400016784668,35.8199996948242,34.439998626709,35.3800010681152,4683500,32.3360748291016
2021-08-18,35.8800010681152,36.4900016784668,33.5419998168945,33.5900001525879,4685000,30.700080871582
2021-08-19,33.4000015258789,34.5670013427734,33.0149993896484,34.0999984741211,2501300,31.1661949157715
2021-08-20,33.9500007629395,34.4599990844727,33.1500015258789,33.2200012207031,2354600,30.6132869720459
2021-08-23,33.5499992370605,33.7900009155273,32.8600006103516,33.2400016784668,2473600,30.6317119598389
2021-08-24,33.3499984741211,33.8199996948242,32.9599990844727,33.1599998474121,2117500,30.5579948425293
2021-08-25,33.0099983215332,33.6100006103516,32.3699989318848,33.2999992370605,1929400,30.6869983673096
2021-08-26,33.2200012207031,34.3600006103516,33.2200012207031,33.9599990844727,1607900,31.2952156066895
2021-08-27,33.9799995422363,34.3199996948242,33.7299995422363,34.25,1165700,31.5624618530273
2021-08-30,34.0900001525879,34.2400016784668,33.6599998474121,33.7200012207031,1069000,31.0740547180176
2021-08-31,33.5400009155273,34.0979995727539,33.4199981689453,33.8899993896484,1694600,31.230712890625
2021-09-01,34.4500007629395,35.3699989318848,34.2599983215332,34.560001373291,2738500,31.8481369018555
2021-09-02,35.1199989318848,35.6399993896484,34.3499984741211,35.6100006103516,2560100,32.8157424926758
2021-09-03,35.4700012207031,35.6500015258789,34.8600006103516,35.6100006103516,1466400,32.8157424926758
2021-09-07,35.2799987792969,35.75,34.8699989318848,35.6399993896484,2247200,32.8433876037598
2021-09-08,35.5299987792969,35.5299987792969,34.75,34.9700012207031,2185000,32.225959777832
2021-09-09,34.9700012207031,35,34.2400016784668,34.6800003051758,1573500,31.95871925354
2021-09-10,34.9099998474121,35,33.8699989318848,33.8800010681152,1658400,31.2214946746826
2021-09-13,34.1699981689453,34.1800003051758,33.5309982299805,33.8300018310547,1950100,31.1754245758057
2021-09-14,33.75,33.8800010681152,33.25,33.4199981689453,1570200,30.79758644104
2021-09-15,33.5,34.2599983215332,33.2400016784668,33.7200012207031,1953200,31.0740547180176
2021-09-16,33.8899993896484,34.0900001525879,33.0200004577637,33.7599983215332,1280600,31.110912322998
2021-09-17,33.7000007629395,34.0800018310547,33.2599983215332,34.0299987792969,4341400,31.3597259521484
2021-09-20,33.2400016784668,33.7000007629395,32.7700004577637,32.939998626709,1937300,30.3552532196045
2021-09-21,33.189998626709,33.3899993896484,32.75,32.8899993896484,1162900,30.3091793060303
2021-09-22,33.0900001525879,33.2400016784668,32.5900001525879,32.6500015258789,1332100,30.0880146026611
2021-09-23,32.7599983215332,33.4700012207031,32.6800003051758,33.3800010681152,1608400,30.7607307434082
2021-09-24,33.5,33.9500007629395,33,33.689998626709,1888100,31.0464038848877
2021-09-27,33.689998626709,33.8699989318848,33.4199981689453,33.5400009155273,1281300,30.9081764221191
2021-09-28,33.5,33.5200004577637,32.8950004577637,33.0400009155273,1286800,30.4474086761475
2021-09-29,33.0200004577637,34,33.0099983215332,33.9799995422363,1306300,31.3136425018311
2021-09-30,33.9249992370605,34.1699981689453,32.7799987792969,32.7900009155273,1481600,30.2170257568359
2021-10-01,32.8800010681152,33.5999984741211,32.560001373291,33.3300018310547,1497500,30.7146549224854
2021-10-04,33.1800003051758,33.5800018310547,32.8199996948242,32.939998626709,1784800,30.3552532196045
2021-10-05,32.6800003051758,33.1399993896484,32.4900016784668,32.5299987792969,2452800,29.9774265289307
2021-10-06,32.2299995422363,33.1399993896484,31.9200000762939,33.0699996948242,2533300,30.4750537872314
2021-10-07,32.9900016784668,33.3199996948242,32.7400016784668,32.8400001525879,1339600,30.2631015777588
2021-10-08,32.7900009155273,32.8699989318848,32.2200012207031,32.5699996948242,1249000,30.0142860412598
2021-10-11,32.5800018310547,33.2569999694824,32.5499992370605,33.2099990844727,1319400,30.6040668487549
2021-10-12,33.1800003051758,33.5400009155273,32.7599983215332,32.8400001525879,1271300,30.2631015777588
2021-10-13,33,33.3250007629395,32.6599998474121,33.1500015258789,1251100,30.5487804412842
2021-10-14,33.1500015258789,33.939998626709,33.0999984741211,33.6399993896484,1624700,31.0003242492676
2021-10-15,33.9599990844727,35.25,33.7599983215332,34.8899993896484,1675900,32.1522407531738
2021-10-18,34.8199996948242,35.1199989318848,34.4599990844727,34.7999992370605,1236200,32.0693054199219
2021-10-19,34.8300018310547,35.3899993896484,34.7000007629395,35.060001373291,1246500,32.3089027404785
2021-10-20,35.189998626709,36.2200012207031,34.9799995422363,35.7599983215332,1161000,32.9539756774902
2021-10-21,35.6599998474121,35.75,35.1300010681152,35.3600006103516,1100500,32.5853652954102
2021-10-22,35.3300018310547,35.7900009155273,35.1100006103516,35.6599998474121,765500,32.8618202209473
2021-10-25,35.4900016784668,36.9599990844727,35.4099998474121,36.9099998474121,1497900,34.0137367248535
2021-10-26,36.7799987792969,37.3400001525879,36.5,36.7099990844727,1598500,33.8294296264648
2021-10-27,36.7000007629395,36.7000007629395,35.5149993896484,35.7200012207031,1013500,32.9171180725098
2021-10-28,35.8600006103516,36.6800003051758,35.6199989318848,36.5200004577637,1282500,33.6543388366699
2021-10-29,36.4599990844727,37.2290000915527,36.3800010681152,36.75,1800000,33.8662910461426
2021-11-01,36.7000007629395,37.310001373291,36.4799995422363,37.1300010681152,1108600,34.2164726257324
2021-11-02,37.2200012207031,37.2999992370605,36.4000015258789,36.4900016784668,1326000,33.6266937255859
2021-11-03,36.2200012207031,37.0200004577637,36.2200012207031,36.8199996948242,1549600,33.930793762207
2021-11-04,36.810001373291,37.189998626709,36.2000007629395,36.2599983215332,1777200,33.4147300720215
2021-11-05,36.3800010681152,36.7200012207031,35.5400009155273,36.2799987792969,2381000,33.4331665039062
2021-11-08,36.5499992370605,37.3499984741211,36.4099998474121,36.9900016784668,3474500,34.0874633789062
2021-11-09,36.9500007629395,37,36.4300003051758,36.6399993896484,2567400,33.7649192810059
2021-11-10,36.5400009155273,37.3699989318848,36.2319984436035,36.6300010681152,4025500,33.7557029724121
2021-11-11,35.4099998474121,35.435001373291,32.75,34.7200012207031,5810200,31.9955806732178
2021-11-12,34.6500015258789,34.7200012207031,33.5200004577637,33.7000007629395,2531700,31.0556163787842
2021-11-15,33.7000007629395,33.75,33.0099983215332,33.3800010681152,2553500,30.7607307434082
2021-11-16,33.310001373291,33.7599983215332,32.9000015258789,33.5400009155273,2385400,30.9081764221191
2021-11-17,33.4500007629395,33.5299987792969,32.6300010681152,32.9500007629395,2008700,30.3644714355469
2021-11-18,32.939998626709,32.9900016784668,31.3390007019043,31.6000003814697,2625800,29.1204032897949
2021-11-19,31.6100006103516,31.8199996948242,30.8799991607666,31.25,2631300,29.0553169250488
2021-11-22,31.4599990844727,31.9899997711182,31.4500007629395,31.6399993896484,2183200,29.417932510376
2021-11-23,31.6900005340576,31.6900005340576,30.9500007629395,31.2000007629395,2008500,29.0088291168213
2021-11-24,31.2600002288818,31.6399993896484,30.9599990844727,31.5400009155273,1872700,29.3249530792236
2021-11-26,31.0599994659424,31.6000003814697,30.7099990844727,31.1299991607666,1287200,28.9437446594238
2021-11-29,31.0400009155273,31.0550003051758,30.1299991607666,30.6200008392334,2286900,28.4695644378662
2021-11-30,30.3899993896484,30.4899997711182,29.0499992370605,29.2299995422363,3273000,27.1771850585938
2021-12-01,29.5699996948242,29.9599990844727,28.5699996948242,28.7299995422363,2858600,26.7122955322266
2021-12-02,28.8899993896484,29.9699993133545,28.7000007629395,29.6700000762939,2700900,27.5862827301025
2021-12-03,29.6800003051758,29.7900009155273,28.5,28.8299999237061,2416100,26.8052749633789
2021-12-06,29.1000003814697,29.6700000762939,28.7999992370605,29.3099994659424,2134800,27.2515621185303
2021-12-07,29.5100002288818,29.6900005340576,29.0799999237061,29.3099994659424,2348900,27.2515621185303
2021-12-08,29.3799991607666,29.4799995422363,28.75,29.3299999237061,2155600,27.2701587677002
2021-12-09,29.4300003051758,29.5400009155273,28.6000003814697,28.6700000762939,2045900,26.6565132141113
2021-12-10,28.7600002288818,29.1900005340576,28.5499992370605,28.7399997711182,2252800,26.7215957641602
2021-12-13,28.8799991607666,29.3799991607666,28.6499996185303,28.8700008392334,2693200,26.8424663543701
2021-12-14,28.9300003051758,29.4899997711182,28.6100006103516,28.8500003814697,3676900,26.8238735198975
2021-12-15,28.9099998474121,29.4500007629395,28.7700004577637,29.3299999237061,2113200,27.2701587677002
2021-12-16,29.7099990844727,30.9699993133545,29.4799995422363,30.3299999237061,2527800,28.1999282836914
2021-12-17,30.3500003814697,30.4899997711182,29.6200008392334,30.1900005340576,4749400,28.0697650909424
2021-12-20,30,30.1800003051758,28.9899997711182,29.3600006103516,1855500,27.2980537414551
2021-12-21,29.2999992370605,30.0599994659424,29.25,29.7900009155273,1555300,27.6978569030762
2021-12-22,29.9099998474121,30.0599994659424,29.5300006866455,30.0100002288818,1160000,27.9024028778076
2021-12-23,30,30.3799991607666,29.8999996185303,30.2199993133545,957700,28.09765625
2021-12-27,30.1700000762939,30.2800006866455,29.8269996643066,30.0900001525879,1250100,27.97678565979
2021-12-28,29.9300003051758,30.2299995422363,29.8500003814697,29.8899993896484,1256700,27.7908306121826
2021-12-29,29.8799991607666,29.9799995422363,29.6299991607666,29.8199996948242,1309100,27.7257461547852
2021-12-30,29.9400005340576,30.7999992370605,29.9400005340576,30.7299995422363,1385100,28.571834564209
2021-12-31,30.5750007629395,30.7700004577637,30.3999996185303,30.4500007629395,1018800,28.311502456665
2022-01-03,30.5699996948242,31.1800003051758,30.2849998474121,31.1599998474121,1331900,28.9716377258301
2022-01-04,31.2150001525879,31.6350002288818,30.7399997711182,31.5200004577637,1641700,29.3063583374023
2022-01-05,31.6200008392334,32,31.0499992370605,31.1000003814697,1979300,28.9158515930176
2022-01-06,31.0499992370605,31.8899993896484,30.4099998474121,31.5100002288818,2012000,29.2970600128174
2022-01-07,31.5200004577637,32.4700012207031,31.5200004577637,32.4099998474121,1350800,30.1338500976562
2022-01-10,31.9899997711182,32.5400009155273,31.6900005340576,32.2099990844727,2822500,29.9478969573975
2022-01-11,32.2999992370605,32.7900009155273,32.0200004577637,32.75,2090100,30.44997215271
2022-01-12,32.8600006103516,32.9000015258789,32.2599983215332,32.6100006103516,1569800,30.3198070526123
2022-01-13,32.3899993896484,33.1800003051758,32.2999992370605,32.9000015258789,1578600,30.5894393920898
2022-01-14,32.8499984741211,33.3400001525879,32.2900009155273,32.8600006103516,1771100,30.5522537231445
2022-01-18,32.6650009155273,33.0699996948242,31.3999996185303,32.0699996948242,1900400,29.8177299499512
2022-01-19,32.0299987792969,32.7299995422363,32,32.2400016784668,1992500,29.9757919311523
2022-01-20,32.2099990844727,32.7099990844727,31.7800006866455,31.8199996948242,1740200,29.5852890014648
2022-01-21,31.75,31.7700004577637,30.6550006866455,30.9699993133545,1900600,28.7949829101562
2022-01-24,30.3199996948242,30.6299991607666,28.9419994354248,30.4500007629395,2614600,28.311502456665
2022-01-25,29.9300003051758,31.0020008087158,29.6299991607666,30.7099990844727,1955200,28.5532417297363
2022-01-26,30.8500003814697,31.4899997711182,30.3250007629395,30.7299995422363,1374900,28.571834564209
2022-01-27,31.1000003814697,31.6399993896484,30.4799995422363,30.7000007629395,1939100,28.5439453125
2022-01-28,30.4599990844727,31.4699993133545,30.4099998474121,31.4500007629395,1680900,29.2412738800049
2022-01-31,31.2000007629395,32.0999984741211,31.2000007629395,31.9099998474121,4413700,29.6689682006836
2022-02-01,32.1800003051758,33.0200004577637,32.0099983215332,32.9900016784668,1846600,30.6731185913086
2022-02-02,33.0800018310547,33.4790000915527,32.6599998474121,33.3300018310547,1693700,30.9892425537109
2022-02-03,32.9199981689453,33.560001373291,32.6699981689453,32.9199981689453,1663700,30.6080341339111
2022-02-04,32.689998626709,33.4700012207031,32.689998626709,33.1199989318848,1627400,30.7939872741699
2022-02-07,33.2999992370605,33.75,33.0299987792969,33.5200004577637,1090100,31.1658992767334
2022-02-08,33.4199981689453,33.9500007629395,33.0550003051758,33.75,1635500,31.3797435760498
2022-02-09,33.9199981689453,34.6699981689453,33.7999992370605,34.5900001525879,1557700,32.1607551574707
2022-02-10,34.2700004577637,35.0800018310547,34.2700004577637,34.4500007629395,1329400,32.0305824279785
2022-02-11,34.4000015258789,35.3400001525879,34.4000015258789,34.7200012207031,1474500,32.2816200256348
2022-02-14,34.7000007629395,34.8300018310547,34.2200012207031,34.3800010681152,1782300,31.9655017852783
2022-02-15,34.7999992370605,35.3089981079102,34.7999992370605,35.2200012207031,1931800,32.7465057373047
2022-02-16,35.2999992370605,36.4900016784668,35.2200012207031,36.3400001525879,3114100,33.7878532409668
2022-02-17,35.3899993896484,36.939998626709,34.8899993896484,36.3699989318848,4587400,33.8157424926758
2022-02-18,36.4599990844727,37.1800003051758,35.8199996948242,36.0900001525879,3145100,33.5554008483887
2022-02-22,36.0999984741211,36.6100006103516,35.8400001525879,35.9799995422363,2219900,33.4531288146973
2022-02-23,35.9000015258789,36.2799987792969,35.4449996948242,35.5,2244400,33.0068397521973
2022-02-24,34.75,36.1300010681152,34.4599990844727,36.0299987792969,2440000,33.4996223449707
2022-02-25,35.685001373291,37.7599983215332,35.5099983215332,37.5699996948242,3494900,35.2050552368164
2022-02-28,36.5400009155273,37.7900009155273,36.4000015258789,37.3300018310547,2846700,34.9801635742188
2022-03-01,37.2700004577637,37.8600006103516,37,37.4599990844727,3675000,35.101978302002
2022-03-02,37.5200004577637,39.4749984741211,37.4449996948242,39.3600006103516,3434400,36.8823738098145
2022-03-03,39.1300010681152,39.2099990844727,38.3199996948242,39.0200004577637,1353300,36.5637817382812
2022-03-04,38.3899993896484,38.8699989318848,37.5999984741211,38.8199996948242,2890000,36.3763694763184
2022-03-07,38.5800018310547,39.2050018310547,37.810001373291,38.4199981689453,2688800,36.0015487670898
2022-03-08,38.3199996948242,38.5999984741211,36.6300010681152,36.6500015258789,2529600,34.3429679870605
2022-03-09,36.8699989318848,37.439998626709,36.4000015258789,36.4599990844727,1789900,34.164924621582
2022-03-10,36.2700004577637,36.4199981689453,35.6699981689453,35.9799995422363,1954000,33.7151374816895
2022-03-11,36.2099990844727,36.6199989318848,35.7900009155273,35.8300018310547,1488400,33.5745849609375
2022-03-14,35.3400001525879,35.6199989318848,31.5699996948242,32.3600006103516,7855500,30.3230133056641
2022-03-15,32.2900009155273,32.6599998474121,31.6900005340576,32.2900009155273,3654900,30.2574214935303
2022-03-16,32.7599983215332,32.9500007629395,31.8500003814697,32.9000015258789,2962300,30.8290214538574
2022-03-17,33.0499992370605,34.3800010681152,32.5299987792969,34.3400001525879,2682600,32.1783752441406
2022-03-18,34.2200012207031,35.189998626709,34.1399993896484,35.0800018310547,9038400,32.8717956542969
2022-03-21,35.5099983215332,35.9900016784668,34.6500015258789,34.7700004577637,1670100,32.5813102722168
2022-03-22,35,35.6500015258789,34.560001373291,35.3499984741211,1312000,33.1247940063477
2022-03-23,35.4300003051758,35.685001373291,35,35.3400001525879,1583600,33.1154289245605
2022-03-24,35.2799987792969,35.4500007629395,34.7599983215332,35.2999992370605,1306800,33.0779457092285
2022-03-25,35.4500007629395,35.7249984741211,34.7900009155273,34.9900016784668,1060000,32.7874641418457
2022-03-28,34.9199981689453,35.2000007629395,34.6800003051758,35.1699981689453,1445200,32.9561233520508
2022-03-29,35.3600006103516,35.75,35.0699996948242,35.3199996948242,1038100,33.0966873168945
2022-03-30,35.3800010681152,36.3899993896484,35.2700004577637,35.810001373291,1645300,33.5558433532715
2022-03-31,35.5299987792969,36.0999984741211,34.9199981689453,34.9300003051758,1637800,32.7312355041504
2022-04-01,35.2200012207031,35.6150016784668,34.8699989318848,35.1500015258789,1610700,32.937385559082
2022-04-04,34.8499984741211,35.0800018310547,34.4609985351562,34.7200012207031,1471600,32.5344543457031
2022-04-05,34.7700004577637,35.8499984741211,34.7700004577637,35.4000015258789,2060300,33.1716575622559
2022-04-06,35.560001373291,36.4500007629395,35.1100006103516,36.2000007629395,1893900,33.9212913513184
2022-04-07,36.1100006103516,36.6199989318848,35.9900016784668,36.2000007629395,2386300,33.9212913513184
2022-04-08,36.1699981689453,36.3499984741211,35.7799987792969,35.8699989318848,3120700,33.6120643615723
2022-04-11,35.9900016784668,36.1800003051758,35.0699996948242,35.1800003051758,1480100,32.965503692627
2022-04-12,35.1800003051758,35.6800003051758,34.9099998474121,34.9900016784668,1184400,32.7874641418457
2022-04-13,35.1199989318848,35.2999992370605,34.6399993896484,34.9799995422363,935400,32.7780914306641
2022-04-14,35.0099983215332,35.3199996948242,34.4650001525879,34.9000015258789,1516100,32.7031326293945
2022-04-18,34.7700004577637,34.8300018310547,33.2200012207031,33.3800010681152,1170900,31.2788105010986
2022-04-19,33.5099983215332,34.0839996337891,33.4000015258789,33.9500007629395,1073000,31.8129291534424
2022-04-20,33.75,33.7799987792969,33.2999992370605,33.3499984741211,852300,31.2506923675537
2022-04-21,33.4599990844727,33.6300010681152,32.6800003051758,32.7700004577637,1310600,30.707202911377
2022-04-22,32.6599998474121,32.6599998474121,32.060001373291,32.2599983215332,1242900,30.2293071746826
2022-04-25,32,32.689998626709,31.4850006103516,32.5099983215332,1189300,30.4635696411133
2022-04-26,32.2400016784668,32.5699996948242,31.6200008392334,31.6599998474121,1008900,29.6670761108398
2022-04-27,31.9899997711182,32.6800003051758,31.7199993133545,32.4199981689453,1204400,30.3792343139648
2022-04-28,32.7000007629395,33.2000007629395,32.2099990844727,33,1508100,30.9227237701416
2022-04-29,32.8800010681152,33.3250007629395,32.25,32.3300018310547,2811400,30.294900894165
2022-05-02,32.5,33.1100006103516,31.6350002288818,32.0800018310547,2473800,30.060640335083
2022-05-03,32.0400009155273,32.5800018310547,31.9099998474121,32.439998626709,1965300,30.3979721069336
2022-05-04,32.5200004577637,33.2900009155273,31.9400005340576,33.189998626709,1409200,31.1007652282715
2022-05-05,33.189998626709,35.2099990844727,33.1500015258789,34.8699989318848,3414900,32.6750144958496
2022-05-06,34.3300018310547,35.0200004577637,33.1199989318848,34.7700004577637,2448900,32.5813102722168
2022-05-09,34.2400016784668,35.2400016784668,34.0999984741211,34.7200012207031,2429900,32.5344543457031
2022-05-10,34.2099990844727,34.9500007629395,33.939998626709,34.7599983215332,1895700,32.5719413757324
2022-05-11,34.6500015258789,35.2799987792969,33.2299995422363,33.3499984741211,2046700,31.2506923675537
2022-05-12,33.3899993896484,34.6500015258789,33.3899993896484,34.6300010681152,1322700,32.4501266479492
2022-05-13,34.5900001525879,35.2299995422363,34.1949996948242,34.939998626709,1145800,33.0074844360352
2022-05-16,34.7400016784668,35.6199989318848,34.6100006103516,35.4300003051758,1071900,33.4703903198242
2022-05-17,35.7599983215332,36.8699989318848,35.4799995422363,36.7299995422363,1441400,34.6984825134277
2022-05-18,36.439998626709,37.3600006103516,35.8250007629395,35.9599990844727,1651600,33.9710731506348
2022-05-19,35.5,36.6599998474121,35.2799987792969,36.5699996948242,1430600,34.5473327636719
2022-05-20,36.8899993896484,37.7000007629395,36.4500007629395,37.6399993896484,1926800,35.5581550598145
2022-05-23,37.7799987792969,37.9560012817383,36.9300003051758,37.5299987792969,1141600,35.4542388916016
2022-05-24,37.4599990844727,37.6399993896484,36.9140014648438,37.5200004577637,1165300,35.4447898864746
2022-05-25,37.4500007629395,38.3499984741211,37.3800010681152,38.0999984741211,1213100,35.9927101135254
2022-05-26,38.3499984741211,39.0900001525879,37.9500007629395,38.560001373291,1160600,36.4272727966309
2022-05-27,38.5,38.9500007629395,38.2849998474121,38.9000015258789,1182200,36.7484703063965
2022-05-31,38.4000015258789,38.6100006103516,37.5900001525879,37.9599990844727,2201600,35.8604545593262
2022-06-01,38.0800018310547,38.310001373291,37,37.75,1172800,35.6620674133301
2022-06-02,37.9099998474121,37.9099998474121,36.5250015258789,37.3300018310547,1409100,35.2653007507324
2022-06-03,37.2299995422363,37.3600006103516,36.8600006103516,37.1800003051758,777300,35.1235961914062
2022-06-06,37.3499984741211,37.7099990844727,37.2999992370605,37.4700012207031,905600,35.3975601196289
2022-06-07,37.4700012207031,37.8600006103516,37.310001373291,37.810001373291,1106300,35.7187538146973
2022-06-08,37.7799987792969,38.0900001525879,37.439998626709,37.6100006103516,816500,35.5298118591309
2022-06-09,37.6100006103516,37.6100006103516,36.3800010681152,36.3899993896484,868300,34.3772926330566
2022-06-10,35.9500007629395,36.0149993896484,35.2350006103516,35.4599990844727,1161500,33.4987297058105
2022-06-13,34.8800010681152,34.8800010681152,33.6599998474121,34.2000007629395,1280100,32.3084182739258
2022-06-14,34.1699981689453,34.1699981689453,32.8499984741211,33.1300010681152,1926500,31.2975997924805
2022-06-15,33.1699981689453,33.9099998474121,32.7599983215332,33.5900001525879,1694700,31.7321586608887
2022-06-16,32.8300018310547,33.060001373291,32.4700012207031,32.810001373291,1660300,30.9953002929688
2022-06-17,32.9099998474121,33.4599990844727,32.4199981689453,33.1699981689453,4224400,31.3353881835938
2022-06-21,33.5900001525879,33.6500015258789,32.7799987792969,32.8800010681152,1883700,31.0614280700684
2022-06-22,32.6399993896484,33.8699989318848,32.6399993896484,33.5900001525879,1381800,31.7321586608887
2022-06-23,33.7900009155273,35.1399993896484,33.6599998474121,34.9199981689453,1481700,32.9885940551758
2022-06-24,35.4000015258789,36.0800018310547,35.0999984741211,35.8600006103516,1812100,33.8766059875488
2022-06-27,35.7400016784668,35.9799995422363,35.3450012207031,35.4300003051758,858900,33.4703903198242
2022-06-28,35.4799995422363,35.5950012207031,34.6599998474121,34.7900009155273,865800,32.8657875061035
2022-06-29,35.0499992370605,35.0499992370605,34.4249992370605,34.5699996948242,816300,32.6579551696777
2022-06-30,34.310001373291,34.5699996948242,33.5800018310547,33.75,1359200,31.8833065032959
2022-07-01,33.9199981689453,34.2700004577637,33.3899993896484,34.25,1018400,32.3556518554688
2022-07-05,33.8300018310547,34.2900009155273,33.2000007629395,34.2000007629395,1338300,32.3084182739258
2022-07-06,34.0400009155273,34.2299995422363,32.9099998474121,33.2900009155273,1601300,31.4487552642822
2022-07-07,33.310001373291,33.8300018310547,32.9099998474121,33.0499992370605,2274500,31.2220230102539
2022-07-08,32.8699989318848,33.2900009155273,32.5,32.75,1217000,30.9386157989502
2022-07-11,32.5999984741211,33.0499992370605,32.5499992370605,32.7000007629395,945600,30.8913822174072
2022-07-12,32.5400009155273,33.0400009155273,32.3899993896484,32.8600006103516,1679500,31.042537689209
2022-07-13,32.5299987792969,32.7000007629395,31.9599990844727,32.2799987792969,1595400,30.4946117401123
2022-07-14,32.0800018310547,32.2599983215332,31.4500007629395,31.8500003814697,1486500,30.0883960723877
2022-07-15,32.1800003051758,32.2249984741211,31.4400005340576,31.9699993133545,1336700,30.2017593383789
2022-07-18,32.0499992370605,32.2200012207031,31.0599994659424,31.2000007629395,1614800,29.4743480682373
2022-07-19,31.3999996185303,31.9200000762939,31.2999992370605,31.5699996948242,1217500,29.823881149292
2022-07-20,31.5499992370605,31.8999996185303,31.2299995422363,31.6599998474121,1278500,29.9089050292969
2022-07-21,31.5599994659424,31.7749996185303,31.2000007629395,31.7600002288818,1015800,30.0033740997314
2022-07-22,31.8999996185303,31.9799995422363,31.6299991607666,31.9599990844727,897700,30.192310333252
2022-07-25,32,32.939998626709,32,32.7999992370605,1624300,30.9858512878418
2022-07-26,32.7999992370605,33.2000007629395,32.7999992370605,32.9000015258789,1202500,31.0803203582764
2022-07-27,32.7900009155273,32.8400001525879,32.1199989318848,32.6399993896484,1217300,30.8346996307373
2022-07-28,32.7000007629395,32.7000007629395,31.9699993133545,32.4500007629395,1153400,30.6552124023438
2022-07-29,32.5699996948242,32.6399993896484,31.5100002288818,31.7199993133545,2896600,29.9655857086182
2022-08-01,31.5599994659424,32.189998626709,31.3899993896484,31.8299999237061,1715300,30.0695056915283
2022-08-02,31.7700004577637,32.3499984741211,31.5499992370605,31.7700004577637,1028100,30.0128192901611
2022-08-03,31.8199996948242,32.6749992370605,31.7000007629395,32.5699996948242,1895800,30.7685718536377
2022-08-04,32.5699996948242,33.0499992370605,31.3899993896484,32.4099998474121,2145800,30.6174221038818
2022-08-05,31.9200000762939,32.0099983215332,31.1599998474121,31.5,2755300,29.7577533721924
2022-08-08,31.5400009155273,31.7299995422363,31.1900005340576,31.5400009155273,1913800,29.7955417633057
2022-08-09,31.5400009155273,31.6299991607666,31.25,31.3899993896484,879600,29.6538391113281
2022-08-10,31.4799995422363,31.6000003814697,31.3250007629395,31.5200004577637,2546200,29.7766494750977
2022-08-11,31.3899993896484,32.310001373291,31.3600006103516,31.6900005340576,2021800,29.9372444152832
2022-08-12,31.6200008392334,31.6200008392334,30.7800006866455,30.9899997711182,2161700,29.5369396209717
2022-08-15,30.9099998474121,31.1399993896484,30.75,31.0100002288818,1145800,29.5559997558594
2022-08-16,30.9899997711182,31.3500003814697,30.7999992370605,31.1800003051758,977200,29.7180309295654
2022-08-17,31.0200004577637,31.1299991607666,30.6100006103516,30.8700008392334,1114500,29.4225692749023
2022-08-18,30.8999996185303,30.9300003051758,30.4899997711182,30.7299995422363,1148300,29.2891292572021
2022-08-19,30.7299995422363,30.9799995422363,30.6049995422363,30.6599998474121,1311900,29.222412109375
2022-08-22,30.6000003814697,30.8199996948242,30.1800003051758,30.3700008392334,1225800,28.9460105895996
2022-08-23,30.2600002288818,30.3099994659424,29.7250003814697,29.9200000762939,2520800,28.517110824585
2022-08-24,29.8799991607666,30.4699993133545,29.5900001525879,30.0599994659424,1280100,28.6505432128906
2022-08-25,30.1299991607666,30.3549995422363,29.9099998474121,30.3400001525879,1113000,28.9174175262451
2022-08-26,30.3999996185303,30.4500007629395,29.6599998474121,29.6900005340576,1413600,28.2978935241699
2022-08-29,29.5499992370605,29.6299991607666,29.2099990844727,29.3500003814697,1164200,27.9738330841064
2022-08-30,29.3799991607666,29.4799995422363,28.5799999237061,28.6599998474121,1306400,27.3161888122559
2022-08-31,28.7800006866455,28.9699993133545,28.3199996948242,28.5300006866455,1792600,27.1922817230225
2022-09-01,28.4599990844727,28.8239994049072,28.3299999237061,28.8099994659424,1332100,27.4591541290283
2022-09-02,28.7700004577637,29.1200008392334,28.3899993896484,28.5,1398200,27.1636905670166
2022-09-06,28.8500003814697,29.6499996185303,28.6900005340576,28.7099990844727,1726800,27.363842010498
2022-09-07,28.7700004577637,29.1200008392334,28.2250003814697,28.9599990844727,1740400,27.6021213531494
2022-09-08,28.8700008392334,29.4899997711182,28.8250007629395,29.3600006103516,1106400,27.9833641052246
2022-09-09,29.3700008392334,29.9500007629395,29.3199996948242,29.8299999237061,1371900,28.4313278198242
2022-09-12,29.9200000762939,30.2700004577637,29.3199996948242,29.7099990844727,1426000,28.3169555664062
2022-09-13,29.2399997711182,29.3999996185303,28.5599994659424,28.7299995422363,1260700,27.382905960083
2022-09-14,28.8899993896484,28.9300003051758,28.1800003051758,28.6200008392334,1647300,27.2780647277832
2022-09-15,28.7800006866455,29.1200008392334,28.5400009155273,28.75,1501600,27.401969909668
2022-09-16,28.6200008392334,28.9500007629395,28.4109992980957,28.6100006103516,5940200,27.268533706665
2022-09-19,28.5100002288818,28.6200008392334,27.5349998474121,28.2999992370605,1875400,26.9730663299561
2022-09-20,28.0100002288818,28.1100006103516,27.2399997711182,27.2999992370605,1435700,26.0199546813965
2022-09-21,27.3500003814697,27.6399993896484,26.7900009155273,26.7999992370605,1135000,25.5433979034424
2022-09-22,26.6599998474121,26.75,26.2000007629395,26.2900009155273,1475800,25.0573139190674
2022-09-23,26.0499992370605,26.25,25.3099994659424,25.75,1831900,24.5426330566406
2022-09-26,25.5200004577637,25.8299999237061,25.0599994659424,25.1499996185303,1489300,23.9707641601562
2022-09-27,25.2800006866455,25.3500003814697,24.2150001525879,24.2600002288818,2800200,23.1224975585938
2022-09-28,24.4799995422363,24.6900005340576,24.1599998474121,24.5100002288818,2162300,23.3607711791992
2022-09-29,24.2700004577637,24.3799991607666,23.3799991607666,23.5499992370605,2305200,22.4457855224609
2022-09-30,23.6900005340576,24.1599998474121,23.3299999237061,23.3999996185303,2182500,22.3028202056885
2022-10-03,23.6599998474121,24.2700004577637,23.3400001525879,24.0699996948242,2385200,22.9414043426514
2022-10-04,24.3799991607666,25.8199996948242,24.3799991607666,25.7099990844727,3136900,24.5045070648193
2022-10-05,25.4599990844727,25.8400001525879,25.2199993133545,25.6299991607666,1846800,24.4282569885254
2022-10-06,25.4400005340576,25.5550003051758,24.7099990844727,24.7600002288818,1309400,23.5990505218506
2022-10-07,24.6499996185303,24.7399997711182,23.9300003051758,24.0100002288818,1335100,22.8842182159424
2022-10-10,24.1100006103516,24.3999996185303,23.6499996185303,23.6700000762939,1304800,22.5601596832275
2022-10-11,23.6499996185303,23.8099994659424,23.1620006561279,23.5,4042300,22.3981323242188
2022-10-12,23.3899993896484,23.875,23.1800003051758,23.6499996185303,1648800,22.5410957336426
2022-10-13,23.2399997711182,24.2700004577637,23.0300006866455,24.0300006866455,1627700,22.9032802581787
2022-10-14,23.2199993133545,23.5,22.8799991607666,23.3099994659424,2336900,22.2170391082764
2022-10-17,23.6299991607666,23.9799995422363,23.5629997253418,23.8099994659424,1840700,22.6935939788818
2022-10-18,24.1900005340576,24.75,24.0100002288818,24.1700000762939,2353800,23.036714553833
2022-10-19,24.0699996948242,24.2800006866455,23.7800006866455,23.7999992370605,1813900,22.684061050415
2022-10-20,23.6900005340576,23.75,23.3799991607666,23.5599994659424,1121300,22.4553146362305
2022-10-21,23.6299991607666,23.8099994659424,23.1399993896484,23.6800003051758,2775900,22.5696907043457
2022-10-24,23.8899993896484,24.1450004577637,23.5,24.0400009155273,1274800,22.9128112792969
2022-10-25,24.0300006866455,24.9500007629395,23.9500007629395,24.7299995422363,2353300,23.5704574584961
2022-10-26,24.7999992370605,25.4799995422363,24.7600002288818,25.2900009155273,1304700,24.1042022705078
2022-10-27,25.4500007629395,26.1000003814697,25.2600002288818,25.9500007629395,2395100,24.7332534790039
2022-10-28,25.9599990844727,26.2250003814697,25.8600006103516,26.1800003051758,1527500,24.9524688720703
2022-10-31,26.0499992370605,26.5300006866455,25.8999996185303,26.1800003051758,2227100,24.9524688720703
2022-11-01,26.4500007629395,26.6149997711182,26.0599994659424,26.3899993896484,1606900,25.152624130249
2022-11-02,26.4899997711182,26.6350002288818,25.8799991607666,25.9300003051758,2028900,24.7141914367676
2022-11-03,27.25,27.5100002288818,25.5200004577637,25.8799991607666,3033300,24.6665363311768
2022-11-04,25.8799991607666,25.9449996948242,23.7399997711182,24.3500003814697,3447400,23.2082767486572
2022-11-07,24.3799991607666,24.7999992370605,23.7600002288818,24,2658900,22.8746871948242
2022-11-08,24.0100002288818,24.4300003051758,23.3400001525879,23.5599994659424,3100800,22.4553146362305
2022-11-09,23.6399993896484,24.3600006103516,23.6200008392334,23.8500003814697,2515800,22.7317199707031
2022-11-10,24.1800003051758,24.9200000762939,24.0900001525879,24.7099990844727,2559100,23.8311729431152
2022-11-11,24.5900001525879,25.4699993133545,24.1900005340576,25.3099994659424,2931700,24.4098358154297
2022-11-14,25.2600002288818,25.3999996185303,24.7700004577637,24.7800006866455,1870600,23.8986854553223
2022-11-15,25.0400009155273,25.4309997558594,24.6900005340576,24.8799991607666,1605600,23.9951267242432
2022-11-16,24.7999992370605,24.9799995422363,24.2749996185303,24.3899993896484,1357600,23.522554397583
2022-11-17,24.0499992370605,24.1900005340576,23.7600002288818,23.9200000762939,1783400,23.0692710876465
2022-11-18,24.2700004577637,24.5799999237061,24.0949993133545,24.3999996185303,2175700,23.5321998596191
2022-11-21,24.4200000762939,24.7749996185303,24.2399997711182,24.7199993133545,1123800,23.8408184051514
2022-11-22,24.6900005340576,25.0499992370605,24.6900005340576,24.8299999237061,1409800,23.946907043457
2022-11-23,24.7900009155273,24.9050006866455,24.625,24.8099994659424,867600,23.9276180267334
2022-11-25,24.7999992370605,25.1100006103516,24.7509994506836,25.1100006103516,641400,24.216947555542
2022-11-28,24.8500003814697,25.0400009155273,24.4950008392334,24.6599998474121,1530700,23.7829532623291
2022-11-29,24.7099990844727,25,24.3999996185303,24.9400005340576,2374300,24.0529956817627
2022-11-30,24.9799995422363,26.0499992370605,24.7399997711182,26.0200004577637,2422700,25.0945835113525
2022-12-01,26.1900005340576,26.8500003814697,26.1100006103516,26.4200000762939,1774300,25.4803562164307
2022-12-02,26.1200008392334,26.7199993133545,26.0300006866455,26.7199993133545,1236100,25.7696876525879
2022-12-05,26.5499992370605,26.7999992370605,26.1599998474121,26.3500003814697,1102300,25.4128475189209
2022-12-06,26.3400001525879,26.5599994659424,25.7299995422363,26.1499996185303,1668200,25.2199592590332
2022-12-07,26.1499996185303,26.3799991607666,25.7849998474121,26.0799999237061,1402600,25.1524486541748
2022-12-08,26.2399997711182,26.9050006866455,26.181999206543,26.8600006103516,2082300,25.9047088623047
2022-12-09,26.8799991607666,27.3999996185303,26.7999992370605,27.0499992370605,2096900,26.0879497528076
2022-12-12,27.2199993133545,27.6900005340576,26.9300003051758,27.5799999237061,3249500,26.599100112915
2022-12-13,28,28.4099998474121,27.9099998474121,28.2000007629395,3037200,27.1970500946045
2022-12-14,28.1900005340576,28.7099990844727,28.0900001525879,28.6200008392334,2413000,27.6021137237549
2022-12-15,28.4300003051758,28.6499996185303,28.1399993896484,28.2800006866455,2380500,27.274206161499
2022-12-16,28.1700000762939,28.3400001525879,27.3199996948242,27.4400005340576,6891000,26.4640827178955
2022-12-19,27.2299995422363,27.4799995422363,26.8999996185303,27.4300003051758,2501200,26.4544353485107
2022-12-20,27.3299999237061,27.5550003051758,27.0799999237061,27.4500007629395,1303500,26.473726272583
2022-12-21,27.6299991607666,28.0450000762939,27.6000003814697,27.7900009155273,1219300,26.8016338348389
2022-12-22,27.6299991607666,27.7700004577637,27.2350006103516,27.6399993896484,1026400,26.6569671630859
2022-12-23,27.6399993896484,27.9669990539551,27.5400009155273,27.9300003051758,966900,26.9366512298584
2022-12-27,27.9300003051758,28.0650005340576,27.5900001525879,27.9400005340576,1235300,26.9462985992432
2022-12-28,27.9300003051758,28.0750007629395,27.5900001525879,27.6499996185303,1512000,26.6666107177734
2022-12-29,27.8099994659424,28.4200000762939,27.7999992370605,28.1800003051758,2031000,27.1777610778809
2022-12-30,28.0400009155273,28.0699996948242,27.6700000762939,27.9300003051758,1721900,26.9366512298584
2023-01-03,27.8999996185303,28.4300003051758,27.8600006103516,28.0699996948242,1688300,27.0716743469238
2023-01-04,28.2099990844727,29.1499996185303,28.1299991607666,28.9400005340576,2300100,27.9107341766357
2023-01-05,28.6200008392334,28.8400001525879,27.9300003051758,28.8400001525879,1873600,27.8142910003662
2023-01-06,29.1399993896484,29.4599990844727,28.75,29.1499996185303,1821900,28.1132621765137
2023-01-09,29.1399993896484,30.0400009155273,29.0699996948242,29.5799999237061,1696900,28.5279693603516
2023-01-10,29.6900005340576,30.2749996185303,29.3700008392334,30.1200008392334,2057400,29.0487651824951
2023-01-11,30.2999992370605,30.7000007629395,29.9400005340576,30.6399993896484,2244500,29.5502700805664
2023-01-12,30.6900005340576,31.4850006103516,30.5900001525879,31.3799991607666,2715400,30.2639503479004
2023-01-13,31.4300003051758,32.1199989318848,31.3850002288818,32.060001373291,2578300,30.9197692871094
2023-01-17,32.1300010681152,32.2999992370605,31.7999992370605,32.0800018310547,2744300,30.9390563964844
2023-01-18,32.2599983215332,32.4300003051758,31.8500003814697,31.9400005340576,2385500,30.8040370941162
2023-01-19,31.6399993896484,31.8400001525879,31.2399997711182,31.4099998474121,1904300,30.2928848266602
2023-01-20,31.4300003051758,31.5900001525879,31.0100002288818,31.3400001525879,1556900,30.2253742218018
2023-01-23,31.4599990844727,32.0699996948242,31.3449993133545,32.0099983215332,1434700,30.8715438842773
2023-01-24,31.7999992370605,31.8999996185303,30.9899997711182,31.4099998474121,1401200,30.2928848266602
2023-01-25,31.4699993133545,31.4699993133545,30.4750003814697,30.6399993896484,1364500,29.5502700805664
2023-01-26,30.6000003814697,30.8199996948242,30.1100006103516,30.3199996948242,1432000,29.2416515350342
2023-01-27,30.1499996185303,30.4400005340576,29.8349990844727,29.9400005340576,1590600,28.8751659393311
2023-01-30,29.7099990844727,29.8449993133545,29.3449993133545,29.5699996948242,1696300,28.5183258056641
2023-01-31,29.5100002288818,30.1800003051758,29.4549999237061,30.1299991607666,4841000,29.0584087371826
2023-02-01,30,30.4899997711182,29.9200000762939,30.3099994659424,1452200,29.232006072998
2023-02-02,30.2999992370605,30.5,30.1399993896484,30.4099998474121,1228500,29.3284492492676
2023-02-03,30.25,30.4799995422363,29.7399997711182,29.7600002288818,1032000,28.7015686035156
2023-02-06,29.6000003814697,29.7299995422363,29.2099990844727,29.5799999237061,1276200,28.5279693603516
2023-02-07,29.4699993133545,29.875,29.2099990844727,29.8400001525879,826100,28.7787227630615
2023-02-08,29.7999992370605,29.8250007629395,29.5100002288818,29.6800003051758,809200,28.6244144439697
2023-02-09,29.7700004577637,29.8439998626709,28.9899997711182,29.0599994659424,1258000,28.0264644622803
2023-02-10,28.9899997711182,29.2000007629395,28.875,29.0200004577637,1418400,27.987886428833
2023-02-13,28.9500007629395,29.5200004577637,28.6900005340576,29.4799995422363,1465300,28.431526184082
2023-02-14,29.5200004577637,29.5499992370605,29.0699996948242,29.1299991607666,1423100,28.09397315979
2023-02-15,28.8299999237061,29.3649997711182,28.7299995422363,29.2600002288818,1782500,28.2193508148193
2023-02-16,27.8400001525879,28.1499996185303,24.5550003051758,24.8700008392334,9270200,23.9854850769043
2023-02-17,24.6800003051758,26.3799991607666,24.1100006103516,26.0200004577637,5159000,25.0945835113525
2023-02-21,26.0100002288818,27.0750007629395,25.9570007324219,27.0400009155273,3100400,26.0783081054688
2023-02-22,27.1800003051758,27.3299999237061,26.6450004577637,26.8299999237061,2131300,25.8757762908936
2023-02-23,26.9200000762939,27.1000003814697,26.4500007629395,26.6499996185303,1374800,25.7021751403809
2023-02-24,26,26.1800003051758,25.2199993133545,25.5900001525879,1992000,24.941930770874
2023-02-27,25.7800006866455,26.1650009155273,24.8799991607666,25.0900001525879,3215600,24.4545936584473
2023-02-28,24.8899993896484,25.1599998474121,24.4500007629395,24.4899997711182,2889900,23.8697872161865
2023-03-01,24.5,24.8600006103516,24.2299995422363,24.2900009155273,2624200,23.6748542785645
2023-03-02,24.1200008392334,24.2000007629395,23.8999996185303,24.1100006103516,2501200,23.4994125366211
2023-03-03,24.2999992370605,24.8500003814697,24.2199993133545,24.5599994659424,2458200,23.9380168914795
2023-03-06,24.5499992370605,24.9899997711182,24.1100006103516,24.1200008392334,2580400,23.5091609954834
2023-03-07,24.2099990844727,24.3799991607666,23.7199993133545,23.7399997711182,2114000,23.1387825012207
2023-03-08,23.7999992370605,23.9050006866455,23.5799999237061,23.6800003051758,1452900,23.0803031921387
2023-03-09,23.7099990844727,23.7600002288818,23.1100006103516,23.2700004577637,1960200,22.680685043335
2023-03-10,23.2000007629395,23.3099994659424,22.5049991607666,22.6800003051758,2722000,22.1056289672852
2023-03-13,22.5499992370605,22.7800006866455,22.2000007629395,22.2600002288818,2734700,21.6962642669678
2023-03-14,22.5400009155273,22.7350006103516,21.7600002288818,21.9500007629395,2507000,21.3941135406494
2023-03-15,21.5699996948242,21.6399993896484,21.1100006103516,21.5200004577637,2781100,20.975004196167
2023-03-16,21.5300006866455,21.7900009155273,21.1299991607666,21.7199993133545,2719900,21.1699390411377
2023-03-17,21.6900005340576,21.8980007171631,21.5629997253418,21.6700000762939,4588700,21.1212062835693
2023-03-20,21.8600006103516,22.4200000762939,21.6700000762939,22.3899993896484,2263100,21.8229694366455
2023-03-21,22.5900001525879,22.7800006866455,22.2350006103516,22.3799991607666,2035300,21.8132247924805
2023-03-22,22.4300003051758,22.5249996185303,21.8349990844727,21.8500003814697,1466100,21.2966480255127
2023-03-23,22.0100002288818,22.0949993133545,21.2399997711182,21.4200000762939,1860000,20.8775367736816
2023-03-24,21.3899993896484,21.9099998474121,20.9599990844727,21.8600006103516,1596100,21.3063945770264
2023-03-27,22.0499992370605,22.2800006866455,21.8500003814697,22.0799999237061,1480200,21.5208225250244
2023-03-28,21.9300003051758,22.2399997711182,21.8600006103516,22.2399997711182,1266500,21.6767711639404
2023-03-29,22.5,22.7299995422363,22.25,22.6800003051758,1712100,22.1056289672852
2023-03-30,22.9500007629395,23.2600002288818,22.7999992370605,23.0900001525879,1804900,22.5052452087402
2023-03-31,23.2600002288818,23.5799999237061,23.2250003814697,23.5200004577637,2199500,22.9243545532227
2023-04-03,23.6299991607666,23.8299999237061,23.2800006866455,23.5300006866455,1773200,22.9341011047363
2023-04-04,23.6499996185303,23.7299995422363,22.8500003814697,23.0799999237061,1605800,22.4954967498779
2023-04-05,23.0699996948242,23.8250007629395,22.9500007629395,23.6399993896484,1720700,23.0413131713867
2023-04-06,23.9400005340576,24.0900001525879,23.5400009155273,23.9500007629395,1341200,23.3434658050537
2023-04-10,23.6700000762939,23.9400005340576,23.5200004577637,23.8500003814697,1219400,23.2459983825684
2023-04-11,23.9200000762939,24.0300006866455,23.7399997711182,23.75,1158800,23.1485290527344
2023-04-12,23.8899993896484,23.9899997711182,23.5400009155273,23.6100006103516,1524600,23.0120735168457
2023-04-13,23.7900009155273,24.0599994659424,23.7099990844727,23.9799995422363,1281500,23.3727035522461
2023-04-14,23.9799995422363,24.1420001983643,23.3299999237061,23.7999992370605,1365900,23.1972618103027
2023-04-17,23.7099990844727,24.1350002288818,23.5200004577637,24.0400009155273,1543200,23.4311866760254
2023-04-18,24.0699996948242,24.1900005340576,23.5300006866455,23.5900001525879,1090600,22.9925804138184
2023-04-19,23.5699996948242,23.8999996185303,23.4300003051758,23.8899993896484,1268000,23.2849826812744
2023-04-20,23.7399997711182,23.8799991607666,23.5599994659424,23.6900005340576,1390600,23.0900497436523
2023-04-21,23.9099998474121,24.1399993896484,23.7700004577637,24.1100006103516,1152100,23.4994125366211
2023-04-24,24.1100006103516,24.1399993896484,23.7709999084473,24.0300006866455,1326100,23.4214382171631
2023-04-25,24.0200004577637,24.0699996948242,23.5149993896484,23.5900001525879,1344700,22.9925804138184
2023-04-26,23.4099998474121,23.8299999237061,23.4099998474121,23.7000007629395,1426600,23.099796295166
2023-04-27,23.8500003814697,24.3500003814697,23.8199996948242,24.3299999237061,1573800,23.7138404846191
2023-04-28,24.3299999237061,24.6650009155273,24.1900005340576,24.6299991607666,1937300,24.0062427520752
2023-05-01,24.6900005340576,24.7900009155273,24.4799995422363,24.5,1141000,23.8795356750488
2023-05-02,24.4799995422363,24.5799999237061,23.7099990844727,24.0599994659424,1537500,23.4506778717041
2023-05-03,24.2700004577637,24.5699996948242,24.1100006103516,24.2399997711182,2373100,23.6261196136475
2023-05-04,23.5499992370605,23.75,21.6000003814697,22.0100002288818,3701100,21.4525947570801
2023-05-05,22.1499996185303,22.8349990844727,21.7999992370605,22.5200004577637,2381000,21.9496784210205
2023-05-08,22.6700000762939,22.75,21.6650009155273,21.8199996948242,2251100,21.267406463623
2023-05-09,21.5200004577637,21.5900001525879,21.125,21.2399997711182,3450200,20.7020931243896
2023-05-10,21.3999996185303,21.6550006866455,21.0100002288818,21.5,4612800,20.9555110931396
2023-05-11,21.3500003814697,21.4200000762939,21.0499992370605,21.1499996185303,2444900,20.6143741607666
2023-05-12,21,21.1599998474121,20.7250003814697,20.8700008392334,2075300,20.6143760681152
2023-05-15,20.8199996948242,20.9950008392334,20.5100002288818,20.8400001525879,2260500,20.5847415924072
2023-05-16,20.8600006103516,20.8600006103516,20.3700008392334,20.4099998474121,1474900,20.1600093841553
2023-05-17,20.3799991607666,20.5799999237061,20.1200008392334,20.5799999237061,1890900,20.3279266357422
2023-05-18,20.5400009155273,20.5799999237061,20.1399993896484,20.4699993133545,1410700,20.2192726135254
2023-05-19,20.5900001525879,20.7600002288818,20.3600006103516,20.4300003051758,1944500,20.1797637939453
2023-05-22,20.3999996185303,21.0499992370605,20.1499996185303,20.7399997711182,5356400,20.4859676361084
2023-05-23,20.8500003814697,21.0970001220703,20.5699996948242,20.6299991607666,1811700,20.3773136138916
2023-05-24,20.4599990844727,20.4599990844727,19.8700008392334,20.1200008392334,2157300,19.8735618591309
2023-05-25,19.8899993896484,19.9300003051758,19.1499996185303,19.8600006103516,4580400,19.6167469024658
2023-05-26,19.9099998474121,20.0900001525879,19.4300003051758,19.5400009155273,2005100,19.300666809082
2023-05-30,19.3199996948242,19.5100002288818,19.1800003051758,19.2700004577637,1893400,19.033971786499
2023-05-31,19.1800003051758,19.4950008392334,18.8700008392334,19.3899993896484,2899100,19.1525020599365
2023-06-01,19.5200004577637,19.6749992370605,18.9899997711182,19.4500007629395,1860700,19.2117691040039
2023-06-02,19.6499996185303,19.875,19.5599994659424,19.7600002288818,1578000,19.5179710388184
2023-06-05,19.7999992370605,20.3349990844727,19.7700004577637,20.1900005340576,1942300,19.9427032470703
2023-06-06,20.2299995422363,20.2700004577637,19.9099998474121,20.0799999237061,1638200,19.8340511322021
2023-06-07,20.0499992370605,20.5300006866455,19.8600006103516,20.4699993133545,1666800,20.2192726135254
2023-06-08,20.5499992370605,20.5900001525879,19.9400005340576,20.0100002288818,1950200,19.7649078369141
2023-06-09,19.9400005340576,20.2099990844727,19.7749996185303,19.8299999237061,2317800,19.5871124267578
2023-06-12,19.9300003051758,20.5300006866455,19.8600006103516,20.4200000762939,1970900,20.1698875427246
2023-06-13,20.3999996185303,20.7749996185303,20.3400001525879,20.3899993896484,1604600,20.1402530670166
2023-06-14,20.5599994659424,20.8199996948242,20.1499996185303,20.2900009155273,1674000,20.0414791107178
2023-06-15,20.2999992370605,20.9400005340576,20.2399997711182,20.9200000762939,1826000,20.6637630462646
2023-06-16,21,21.1000003814697,20.6900005340576,20.9099998474121,5098200,20.6538848876953
2023-06-20,20.6200008392334,21.0400009155273,20.3999996185303,20.8799991607666,1857600,20.6242523193359
2023-06-21,20.7900009155273,21.0300006866455,20.5499992370605,20.7900009155273,2907500,20.5353546142578
2023-06-22,20.8799991607666,21.1200008392334,20.7000007629395,20.9099998474121,1588800,20.6538848876953
2023-06-23,20.75,20.8400001525879,20.1149997711182,20.2399997711182,2226800,19.9920902252197
2023-06-26,20.2399997711182,20.5900001525879,20.0550003051758,20.5200004577637,1385400,20.2686614990234
2023-06-27,20.4200000762939,20.7150001525879,20.1900005340576,20.6200008392334,1427500,20.3674373626709
2023-06-28,20.6700000762939,20.7099990844727,20.2749996185303,20.4200000762939,1194200,20.1698875427246
2023-06-29,20.3299999237061,20.9249992370605,20.2800006866455,20.7299995422363,1741900,20.4760894775391
2023-06-30,20.9300003051758,20.9799995422363,20.6499996185303,20.8099994659424,1583200,20.5551090240479
2023-07-03,20.7399997711182,20.9099998474121,20.5400009155273,20.5699996948242,1140000,20.3180484771729
2023-07-05,20.4300003051758,20.7999992370605,20.1100006103516,20.5499992370605,1460800,20.2982940673828
2023-07-06,20.2099990844727,20.2700004577637,19.8199996948242,19.9200000762939,2258800,19.6760101318359
2023-07-07,19.8600006103516,20.3899993896484,19.7600002288818,20.1000003814697,2730300,19.8538055419922
2023-07-10,20.1499996185303,20.2999992370605,19.9099998474121,20.1900005340576,2193500,19.9427032470703
2023-07-11,20.2199993133545,21.0699996948242,20.2199993133545,20.7900009155273,3500100,20.5353546142578
2023-07-12,21.0499992370605,21.2399997711182,20.1800003051758,20.2700004577637,2159200,20.0217247009277
2023-07-13,20.3199996948242,20.7600002288818,20.3199996948242,20.7099990844727,1413900,20.4563331604004
2023-07-14,20.7700004577637,20.8099994659424,20.2849998474121,20.5200004577637,2683300,20.2686614990234
2023-07-17,20.3999996185303,20.4799995422363,20.0599994659424,20.3799991607666,1584400,20.1303749084473
2023-07-18,20.3500003814697,20.7399997711182,20.3099994659424,20.5300006866455,1299500,20.2785396575928
2023-07-19,20.6499996185303,20.9500007629395,20.5550003051758,20.8099994659424,1653900,20.5551090240479
2023-07-20,21.0100002288818,21.1450004577637,20.8299999237061,20.8999996185303,1335400,20.644006729126
2023-07-21,20.9799995422363,21.2099990844727,20.7049999237061,21.1700000762939,1474500,20.9106998443604
2023-07-24,21.2399997711182,21.871000289917,21.2099990844727,21.5300006866455,1828200,21.2662906646729
2023-07-25,21.4400005340576,21.7849998474121,21.2600002288818,21.7399997711182,2360600,21.4737186431885
2023-07-26,21.6800003051758,22.3400001525879,21.6100006103516,22.2900009155273,2477300,22.0169830322266
2023-07-27,22.3799991607666,22.4799995422363,21.8549995422363,21.8799991607666,1685100,21.612003326416
2023-07-28,22.2600002288818,22.3400001525879,21.9950008392334,22.1800003051758,1509400,21.9083290100098
2023-07-31,22.1499996185303,22.2749996185303,21.7800006866455,21.9799995422363,6248600,21.7107791900635
2023-08-01,22.0400009155273,22.3500003814697,21.5900001525879,21.7299995422363,2055400,21.4638404846191
2023-08-02,21.4799995422363,21.8400001525879,21.2800006866455,21.8099994659424,1846500,21.5428600311279
2023-08-03,21.7600002288818,21.9300003051758,21.4500007629395,21.5100002288818,2299400,21.2465362548828
2023-08-04,21.5599994659424,21.7450008392334,21.3899993896484,21.5300006866455,1766400,21.2662906646729
2023-08-07,21.6299991607666,22.1399993896484,21.6000003814697,21.7999992370605,2928000,21.5329837799072
2023-08-08,22.5949993133545,24.0799999237061,22.5,23.7700004577637,5991800,23.4788551330566
2023-08-09,23.8799991607666,23.9099998474121,23.0849990844727,23.1599998474121,2992100,22.8763256072998
2023-08-10,23.3400001525879,23.9850006103516,23.3299999237061,23.6100006103516,3392400,23.3208141326904
2023-08-11,23.5499992370605,23.75,23.1200008392334,23.1499996185303,1966300,22.8664474487305
2023-08-14,23.0699996948242,23.3700008392334,22.9549999237061,23.0599994659424,1884500,22.7775497436523
2023-08-15,22.9099998474121,23.3700008392334,22.8999996185303,23.2600002288818,1788700,22.9751014709473
2023-08-16,23.1000003814697,23.2900009155273,22.8299999237061,22.8600006103516,1286600,22.5800018310547
2023-08-17,22.7600002288818,22.8799991607666,22.3099994659424,22.4400005340576,1404900,22.4400005340576
2023-08-18,22.2099990844727,22.5499992370605,22.1299991607666,22.4899997711182,1802600,22.4899997711182
2023-08-21,22.3700008392334,22.6100006103516,22.2399997711182,22.3999996185303,1169900,22.3999996185303
2023-08-22,22.4400005340576,22.5450000762939,22.1499996185303,22.1599998474121,1369400,22.1599998474121
2023-08-23,22.2399997711182,22.2450008392334,21.8899993896484,21.9200000762939,956700,21.9200000762939
2023-08-24,21.7999992370605,22.048999786377,21.5049991607666,21.6100006103516,1559800,21.6100006103516
2023-08-25,21.6499996185303,21.9799995422363,21.5100002288818,21.8600006103516,1227500,21.8600006103516
2023-08-28,21.9200000762939,22.1350002288818,21.9069995880127,22.0699996948242,948200,22.0699996948242
2023-08-29,22.1900005340576,22.3999996185303,22,22.3500003814697,1164000,22.3500003814697
2023-08-30,22.2999992370605,22.4050006866455,22.1599998474121,22.3199996948242,1232900,22.3199996948242
2023-08-31,22.3899993896484,22.4699993133545,21.9500007629395,21.9599990844727,936100,21.9599990844727
2023-09-01,22.1499996185303,22.3400001525879,22.0100002288818,22.1399993896484,966200,22.1399993896484
2023-09-05,22.0499992370605,22.0799999237061,20.9899997711182,21,1697800,21
2023-09-06,20.8600006103516,21.0400009155273,19.8050003051758,19.8299999237061,3648300,19.8299999237061
2023-09-07,19.8199996948242,20.0699996948242,19.4500007629395,19.4699993133545,4320100,19.4699993133545
2023-09-08,19.5200004577637,19.5599994659424,19.2399997711182,19.2900009155273,1919700,19.2900009155273
2023-09-11,19.3500003814697,19.9599990844727,19.3299999237061,19.6700000762939,2661300,19.6700000762939
2023-09-12,19.6299991607666,19.8500003814697,19.2900009155273,19.4400005340576,3280800,19.4400005340576
2023-09-13,19.2900009155273,19.4899997711182,19.1399993896484,19.2700004577637,1923000,19.2700004577637
2023-09-14,19.5200004577637,19.8500003814697,19.4699993133545,19.7900009155273,2455100,19.7900009155273
2023-09-15,19.6399993896484,19.7700004577637,19.4300003051758,19.5400009155273,6070500,19.5400009155273
2023-09-18,19.5,19.6700000762939,19.2999992370605,19.4599990844727,1870000,19.4599990844727
2023-09-19,19.3600006103516,19.4549999237061,19,19.0100002288818,2011500,19.0100002288818
2023-09-20,19.1000003814697,19.1700000762939,18.8899993896484,18.9200000762939,2716700,18.9200000762939
2023-09-21,18.8999996185303,18.9950008392334,18.5699996948242,18.5799999237061,2405300,18.5799999237061
2023-09-22,18.7700004577637,18.7700004577637,18.2199993133545,18.2600002288818,3088700,18.2600002288818
2023-09-25,18.1800003051758,18.2700004577637,17.8199996948242,17.8799991607666,3465700,17.8799991607666
2023-09-26,17.7199993133545,17.8099994659424,17.1399993896484,17.25,5360400,17.25
2023-09-27,17.1499996185303,17.2299995422363,16.5200004577637,16.5900001525879,6085500,16.5900001525879
2023-09-28,16.6200008392334,17.1299991607666,16.4249992370605,17.0799999237061,4098600,17.0799999237061
2023-09-29,17.25,17.4799995422363,17.1399993896484,17.3600006103516,3237000,17.3600006103516
2023-10-02,17.2299995422363,17.25,16.6100006103516,16.6900005340576,3225300,16.6900005340576
2023-10-03,16.5300006866455,16.6700000762939,16.1299991607666,16.2900009155273,2750900,16.2900009155273
2023-10-04,16.2399997711182,16.3950004577637,16.0699996948242,16.3199996948242,3310100,16.3199996948242
2023-10-05,16.2700004577637,16.4200000762939,16.0900001525879,16.2199993133545,2074600,16.2199993133545
2023-10-06,16.0900001525879,16.6949996948242,15.960000038147,16.5799999237061,2480200,16.5799999237061
2023-10-09,16.4400005340576,17.0100002288818,16.4300003051758,16.9599990844727,3628800,16.9599990844727
2023-10-10,17.0799999237061,17.5249996185303,16.9400005340576,17.2900009155273,2343900,17.2900009155273
2023-10-11,17.3700008392334,17.3700008392334,17.0949993133545,17.2199993133545,2431300,17.2199993133545
2023-10-12,17.1100006103516,17.1599998474121,16.5900001525879,16.6399993896484,2590900,16.6399993896484
2023-10-13,16.7099990844727,17.4099998474121,16.4599990844727,17.3199996948242,3868100,17.3199996948242
2023-10-16,17.4699993133545,17.6900005340576,16.6650009155273,16.8600006103516,5892100,16.8600006103516
2023-10-17,16.6499996185303,16.9400005340576,16.2999992370605,16.4400005340576,68003400,16.4400005340576
2023-10-18,16.2999992370605,16.4200000762939,16.0499992370605,16.2900009155273,4009100,16.2900009155273
2023-10-19,16.2099990844727,16.3199996948242,15.9750003814697,16.1399993896484,4502800,16.1399993896484
2023-10-20,16.0100002288818,16.1700000762939,15.875,15.8999996185303,2396400,15.8999996185303
2023-10-23,15.9899997711182,16.0900001525879,15.460000038147,15.4799995422363,3163800,15.4799995422363
2023-10-24,15.5,15.8549995422363,15.4549999237061,15.7600002288818,3517900,15.7600002288818
2023-10-25,15.5500001907349,15.7399997711182,15.4650001525879,15.6499996185303,2188700,15.6499996185303
2023-10-26,15.5600004196167,15.7299995422363,15.3000001907349,15.3100004196167,3346600,15.3100004196167
2023-10-27,15.2600002288818,15.2799997329712,14.9300003051758,14.960000038147,3813900,14.960000038147
2023-10-30,15.0600004196167,15.1999998092651,14.664999961853,14.9300003051758,3572200,14.9300003051758
2023-10-31,14.9700002670288,15.0200004577637,14.6049995422363,14.789999961853,3646700,14.789999961853
2023-11-01,14.7799997329712,14.8450002670288,14.5799999237061,14.6499996185303,3170600,14.6499996185303
