"Fecha","OTIS.Open","OTIS.High","OTIS.Low","OTIS.Close","OTIS.Volume","OTIS.Adjusted"
2020-03-19,40,46,40,45.25,7000,43.1520462036133
2020-03-20,45.0099983215332,46.0099983215332,45,45,3600,42.913631439209
2020-03-23,42,42,39.9799995422363,40,11900,38.1454467773438
2020-03-24,40,40,39,40,77800,38.1454467773438
2020-03-25,40,44.7999992370605,38,41.0099983215332,7000,39.1086235046387
2020-03-26,45,47.5,44.25,45,29100,42.913631439209
2020-03-27,45,47.5,44.9900016784668,45.2350006103516,263200,43.1377449035645
2020-03-30,44.25,50,44.25,50,118100,47.6818237304688
2020-03-31,46.5,50,44.7799987792969,50,210300,47.6818237304688
2020-04-01,45.9900016784668,48.5,44,46.7000007629395,1206100,44.5348167419434
2020-04-02,45.023998260498,48.6599998474121,43.2000007629395,44,9264200,41.9599990844727
2020-04-03,43.75,49.2999992370605,41.7999992370605,47.3199996948242,22551600,45.1260757446289
2020-04-06,47,47.8499984741211,44.7000007629395,45.939998626709,10294200,43.8100547790527
2020-04-07,45.1500015258789,46.9900016784668,42.9300003051758,44.2799987792969,12146500,42.2270126342773
2020-04-08,42.2099990844727,45.2000007629395,41.2599983215332,44.0900001525879,22265800,42.0458297729492
2020-04-09,44.0499992370605,50.25,44,49.1399993896484,17355600,46.8616905212402
2020-04-13,48.5499992370605,48.6699981689453,45.7200012207031,46,8545100,43.8672676086426
2020-04-14,45.9099998474121,46.2999992370605,43.9700012207031,45.8899993896484,10152100,43.7623748779297
2020-04-15,44.189998626709,44.8499984741211,42.7999992370605,44.5499992370605,7935500,42.4844970703125
2020-04-16,44.0800018310547,46.4070014953613,43.5499992370605,45.6199989318848,8740200,43.5048942565918
2020-04-17,47,48.560001373291,45.9199981689453,46.1500015258789,7878100,44.0103187561035
2020-04-20,45,46.9799995422363,44.9000015258789,45.3899993896484,5407500,43.2855491638184
2020-04-21,44.5,47.2000007629395,44.5,45.9000015258789,6939700,43.7719078063965
2020-04-22,47.310001373291,49.5499992370605,46,47.0499992370605,6801900,44.868595123291
2020-04-23,47.439998626709,48.0400009155273,46.4799995422363,47.4700012207031,5174800,45.269115447998
2020-04-24,48.0200004577637,48.5,46.310001373291,47.8499984741211,6446900,45.6314964294434
2020-04-27,48.0800018310547,48.5999984741211,47.6100006103516,48.2200012207031,5541100,45.9843444824219
2020-04-28,49.0699996948242,50.9500007629395,48.6500015258789,49.8600006103516,5368200,47.5483055114746
2020-04-29,50.7700004577637,51.7299995422363,49.7099990844727,51.1500015258789,4343900,48.778491973877
2020-04-30,50.9700012207031,51.5999984741211,50.5,50.9099998474121,6123800,48.5496292114258
2020-05-01,50.3300018310547,50.5299987792969,48.310001373291,49.7099990844727,3089700,47.4052581787109
2020-05-04,48.8499984741211,49.6699981689453,47.5099983215332,49.5299987792969,5676600,47.2336082458496
2020-05-05,49.5299987792969,50.6399993896484,47.9599990844727,48.0900001525879,4103600,45.8603668212891
2020-05-06,48.6100006103516,49,47.8899993896484,48.310001373291,2931800,46.0701713562012
2020-05-07,49.0200004577637,53.2900009155273,48.9900016784668,51.810001373291,4803200,49.4078979492188
2020-05-08,52.1199989318848,54.1699981689453,52.1100006103516,52.9500007629395,4289400,50.4950332641602
2020-05-11,52,52.4000015258789,51.060001373291,51.810001373291,3150600,49.4078979492188
2020-05-12,52.189998626709,52.2900009155273,49.689998626709,49.7200012207031,3059800,47.4148025512695
2020-05-13,49,50.2999992370605,47.8849983215332,48.2099990844727,4567000,45.9748077392578
2020-05-14,47.6100006103516,48.4000015258789,47.2299995422363,48,4849900,45.7745399475098
2020-05-15,47.3199996948242,49.2200012207031,47.2000007629395,48.8899993896484,2981400,46.6232757568359
2020-05-18,50.1199989318848,52.3400001525879,50.1199989318848,52.1300010681152,4452600,49.7130661010742
2020-05-19,51.6800003051758,52.9280014038086,51.0550003051758,52.310001373291,2050300,49.8847122192383
2020-05-20,52.5499992370605,54.7000007629395,52.4749984741211,53.1800003051758,4755100,50.7143745422363
2020-05-21,52.3600006103516,53.5499992370605,51.8699989318848,52.0299987792969,3813100,49.805004119873
2020-05-22,52.4599990844727,52.7200012207031,50.9199981689453,51.7099990844727,2134300,49.4986915588379
2020-05-26,53.0299987792969,53.9900016784668,50.7000007629395,50.8899993896484,6247000,48.713752746582
2020-05-27,51.5900001525879,52.6500015258789,50.7700004577637,52.3800010681152,5202300,50.1400413513184
2020-05-28,52.8699989318848,52.9500007629395,50.9300003051758,50.9599990844727,4260700,48.7807655334473
2020-05-29,50.439998626709,52.8699989318848,50.1800003051758,52.6500015258789,7522700,50.398494720459
2020-06-01,52.4500007629395,54.439998626709,52.1100006103516,54.0800018310547,3073300,51.7673454284668
2020-06-02,54.1599998474121,54.75,53.2900009155273,54.1500015258789,2638100,51.834342956543
2020-06-03,55,55.5800018310547,54.5499992370605,55.4700012207031,4134500,53.0978927612305
2020-06-04,55.2999992370605,56.6599998474121,54.689998626709,55.4000015258789,3281300,53.030891418457
2020-06-05,57.8300018310547,58.7089996337891,56,58.5699996948242,4615100,56.0653343200684
2020-06-08,58.6800003051758,61.3199996948242,58.3600006103516,61.2599983215332,5966500,58.6402931213379
2020-06-09,60.4000015258789,61.4599990844727,59.2400016784668,60.6500015258789,4610200,58.0563888549805
2020-06-10,60.6100006103516,60.9599990844727,59.0200004577637,59.0299987792969,2658300,56.5056533813477
2020-06-11,56,58.0699996948242,55.7050018310547,56.25,3293900,53.8445472717285
2020-06-12,57.7299995422363,58.9799995422363,55.0999984741211,56.0400009155273,4313000,53.6435317993164
2020-06-15,54.5099983215332,57.7999992370605,53.8300018310547,57.6699981689453,4464300,55.2038116455078
2020-06-16,59.5,59.7999992370605,57.375,57.8499984741211,3510300,55.3761177062988
2020-06-17,58.1199989318848,58.189998626709,56.4599990844727,56.7400016784668,2441500,54.313591003418
2020-06-18,56.439998626709,57.6800003051758,56.2400016784668,57.4900016784668,2137500,55.0315170288086
2020-06-19,58.9599990844727,58.9599990844727,55.9500007629395,57,7096100,54.5624656677246
2020-06-22,56.8800010681152,58.1800003051758,56.6399993896484,57.060001373291,2027000,54.6199073791504
2020-06-23,57.689998626709,57.8699989318848,56.5900001525879,56.7999992370605,2386900,54.371021270752
2020-06-24,56.1500015258789,56.9700012207031,55.25,55.5400009155273,3022000,53.164909362793
2020-06-25,55.0499992370605,56.5,54.7599983215332,56.2000007629395,2942900,53.7966804504395
2020-06-26,56.2299995422363,56.4799995422363,54.4420013427734,55.7900009155273,6634300,53.4042091369629
2020-06-29,55.8899993896484,56.7999992370605,55.3300018310547,56.5699996948242,2257300,54.1508598327637
2020-06-30,55.9700012207031,57.0999984741211,55.5099983215332,56.8600006103516,2518100,54.4284591674805
2020-07-01,57,57,55.75,55.7799987792969,2400200,53.3946380615234
2020-07-02,56.4300003051758,57.2400016784668,55.7700004577637,56.5,3162900,54.0838508605957
2020-07-06,57.3800010681152,57.5800018310547,56.4300003051758,56.8600006103516,1999100,54.4284591674805
2020-07-07,56.4300003051758,57.310001373291,56.1199989318848,56.8199996948242,2537900,54.3901634216309
2020-07-08,57.0299987792969,57.1500015258789,56.2700004577637,56.9199981689453,6694900,54.4858932495117
2020-07-09,56.8600006103516,57.939998626709,56.0699996948242,56.1100006103516,2424200,53.7105331420898
2020-07-10,56.2299995422363,57.310001373291,56.0400009155273,56.9799995422363,2137300,54.5433235168457
2020-07-13,56.560001373291,57.939998626709,56.4650001525879,56.8899993896484,2882500,54.4571723937988
2020-07-14,56.2200012207031,57.4500007629395,56.0299987792969,57.3699989318848,2755100,54.9166488647461
2020-07-15,58.0099983215332,59,57.8600006103516,58.2000007629395,2358400,55.7111587524414
2020-07-16,58,58.560001373291,57.6580009460449,58.3199996948242,2628800,55.8260231018066
2020-07-17,58.7299995422363,59.0299987792969,58.1500015258789,58.5499992370605,2983100,56.0461807250977
2020-07-20,58.4199981689453,59.6500015258789,57.9900016784668,58.560001373291,2407800,56.0557632446289
2020-07-21,58.3800010681152,58.939998626709,58.0999984741211,58.439998626709,2314000,55.9408950805664
2020-07-22,57.9599990844727,58.9300003051758,57.6800003051758,58.4799995422363,2034300,55.9791793823242
2020-07-23,58.5,59.4679985046387,58.3400001525879,59.060001373291,2566500,56.5343742370605
2020-07-24,59.1800003051758,59.1949996948242,57.6300010681152,58.1300010681152,3142100,55.644157409668
2020-07-27,57.8600006103516,58.439998626709,57.5999984741211,58.3199996948242,2670300,55.8260231018066
2020-07-28,59.8199996948242,61.8300018310547,59.7000007629395,60.2799987792969,4473600,57.7021980285645
2020-07-29,60.9599990844727,64.3600006103516,60.9599990844727,64.3000030517578,4885400,61.55029296875
2020-07-30,63.439998626709,64.5199966430664,63.1500015258789,63.3899993896484,2307000,60.6792106628418
2020-07-31,63.439998626709,63.439998626709,62.1800003051758,62.7400016784668,3156100,60.0570068359375
2020-08-03,63.0200004577637,63.8199996948242,62.7400016784668,63.2099990844727,3200500,60.506908416748
2020-08-04,62.5800018310547,62.9000015258789,61.9700012207031,62.6100006103516,1739400,59.9325637817383
2020-08-05,62.7400016784668,63.6500015258789,62.3400001525879,63.0900001525879,2645000,60.3920402526855
2020-08-06,62.8899993896484,63.5200004577637,62.8650016784668,63.4799995422363,1557400,60.7653617858887
2020-08-07,63.1599998474121,64.4700012207031,63.1599998474121,64.4100036621094,1169100,61.655590057373
2020-08-10,64.2900009155273,65.3000030517578,64.2900009155273,65.2099990844727,1572700,62.4213752746582
2020-08-11,65.5199966430664,65.9499969482422,64.3300018310547,64.370002746582,2787700,61.6172981262207
2020-08-12,64.9700012207031,65.4700012207031,64.2200012207031,64.9000015258789,1496600,62.1246376037598
2020-08-13,64.9599990844727,64.9599990844727,63.8300018310547,64,1436200,61.2631225585938
2020-08-14,63.7099990844727,64.5100021362305,63.5999984741211,64.0699996948242,1633900,61.3301277160645
2020-08-17,64.4599990844727,64.5299987792969,63.7099990844727,63.9599990844727,1785500,61.2248306274414
2020-08-18,63.8499984741211,64.4000015258789,63.375,63.4500007629395,1680200,60.7366371154785
2020-08-19,63.4799995422363,63.5900001525879,62.5900001525879,62.9199981689453,1549000,60.229305267334
2020-08-20,62.1599998474121,63.25,61.810001373291,62.9700012207031,1291500,60.4693794250488
2020-08-21,63.0299987792969,63.7400016784668,62.5900001525879,63.6300010681152,2649500,61.1031761169434
2020-08-24,63.6100006103516,64.2300033569336,63.0400009155273,63.7999992370605,3199900,61.2664260864258
2020-08-25,64.4100036621094,64.8099975585938,63.9049987792969,64.2900009155273,1604100,61.7369537353516
2020-08-26,64.2799987792969,64.7900009155273,63.7480010986328,64.1800003051758,1161900,61.6313209533691
2020-08-27,64.4700012207031,64.9049987792969,63.1699981689453,63.2299995422363,1341700,60.7190551757812
2020-08-28,63.2700004577637,63.6300010681152,62.6500015258789,63.5900001525879,1129900,61.0647659301758
2020-08-31,63.6100006103516,63.8400001525879,62.8400001525879,62.9000015258789,1736400,60.4021682739258
2020-09-01,62.5200004577637,64.2799987792969,62.3250007629395,64.0500030517578,2334100,61.5064926147461
2020-09-02,63.7299995422363,65.5599975585938,63.6500015258789,65.3399963378906,1827200,62.7452659606934
2020-09-03,64.879997253418,65.4499969482422,61.060001373291,61.8499984741211,3096800,59.3938598632812
2020-09-04,62.5,62.5999984741211,60.4300003051758,61.4900016784668,2697000,59.0481491088867
2020-09-08,61.4300003051758,61.75,60.4599990844727,60.6300010681152,2137900,58.2223091125488
2020-09-09,61.0299987792969,62.5299987792969,61,62.0800018310547,1888500,59.6147232055664
2020-09-10,61.9799995422363,61.9799995422363,59.7299995422363,59.9000015258789,3828900,57.521297454834
2020-09-11,60.2599983215332,60.7099990844727,59.7750015258789,60.1399993896484,2273400,57.751766204834
2020-09-14,60.5699996948242,60.5699996948242,59.0670013427734,59.9900016784668,2420100,57.607723236084
2020-09-15,60.0299987792969,61.6199989318848,60.0299987792969,60.2999992370605,1629400,57.9054107666016
2020-09-16,60.8600006103516,61.0099983215332,59.4000015258789,59.7900009155273,2457000,57.4156608581543
2020-09-17,58.75,61.0900001525879,58.0400009155273,61.0400009155273,2219900,58.616024017334
2020-09-18,61.1599998474121,62.6399993896484,60.3899993896484,60.8800010681152,3806500,58.4623794555664
2020-09-21,60,60.2200012207031,58.6699981689453,59.4099998474121,2512100,57.0507507324219
2020-09-22,58.939998626709,61.1199989318848,58.8600006103516,60.9900016784668,1841500,58.5680160522461
2020-09-23,60.7700004577637,61.7700004577637,60.2000007629395,60.4099998474121,1733700,58.0110397338867
2020-09-24,60.8499984741211,62.75,60.4599990844727,62.0800018310547,2374800,59.6147232055664
2020-09-25,61.6100006103516,62.3499984741211,61.189998626709,61.5499992370605,1557600,59.1057662963867
2020-09-28,62.2700004577637,62.8800010681152,61.9000015258789,62.5099983215332,1233900,60.0276489257812
2020-09-29,62.4199981689453,62.7599983215332,61.8800010681152,62.4099998474121,1435400,59.9316215515137
2020-09-30,62.7099990844727,63.5999984741211,61.9500007629395,62.4199981689453,2494000,59.941219329834
2020-10-01,62.8699989318848,64.2200012207031,61.7599983215332,62.3699989318848,2342500,59.8932075500488
2020-10-02,61.6199989318848,63.439998626709,61.5099983215332,63.1599998474121,1447800,60.6518325805664
2020-10-05,63.7400016784668,64.629997253418,63.2350006103516,64.5400009155273,1447700,61.9770431518555
2020-10-06,64.4300003051758,65,63.4850006103516,63.8300018310547,2107000,61.2952308654785
2020-10-07,64.629997253418,65.620002746582,64.375,65.0500030517578,1648100,62.4667778015137
2020-10-08,64.7900009155273,65.5100021362305,64.4800033569336,64.7099990844727,1213200,62.1402854919434
2020-10-09,65.0199966430664,65.6699981689453,64.3000030517578,65.3499984741211,1187000,62.7548637390137
2020-10-12,65.8499984741211,65.9850006103516,65.1699981689453,65.6900024414062,1185800,63.0813751220703
2020-10-13,65.1600036621094,65.8000030517578,64.6159973144531,65.129997253418,1415900,62.5436019897461
2020-10-14,65.5,66,64.5299987792969,65.6100006103516,1633600,63.0045547485352
2020-10-15,64.6699981689453,65.4349975585938,64.0100021362305,65.1999969482422,982100,62.6108245849609
2020-10-16,65.3000030517578,65.8099975585938,64.8099975585938,65.0299987792969,1047500,62.4475746154785
2020-10-19,64.9000015258789,65.4400024414062,64.0800018310547,64.3600006103516,910500,61.8041801452637
2020-10-20,64.6800003051758,65.7399978637695,64.3399963378906,64.3899993896484,720000,61.8329963684082
2020-10-21,64.25,64.8300018310547,63.7099990844727,63.7200012207031,1082600,61.1896018981934
2020-10-22,63.9900016784668,63.9900016784668,62.9799995422363,63.2400016784668,4980300,60.7286643981934
2020-10-23,63.4700012207031,64.0199966430664,63.1199989318848,63.4500007629395,2308600,60.9303169250488
2020-10-26,63.8400001525879,63.8899993896484,61.3699989318848,63.2099990844727,3026000,60.6998519897461
2020-10-27,62.9099998474121,63.2400016784668,61.8600006103516,61.9700012207031,1973200,59.5090942382812
2020-10-28,61.0099983215332,61.2599983215332,58.7700004577637,58.9900016784668,2570900,56.6474342346191
2020-10-29,58.8899993896484,61.189998626709,58.7999992370605,60.7900009155273,2122600,58.3759498596191
2020-10-30,60.3499984741211,61.2999992370605,59.7999992370605,61.2799987792969,2036100,58.846492767334
2020-11-02,62.189998626709,62.7700004577637,61.0900001525879,62.1399993896484,1819100,59.6723442077637
2020-11-03,62.9300003051758,63.8499984741211,62.0800018310547,62.7099990844727,1545600,60.2197036743164
2020-11-04,62.6800003051758,63.6450004577637,61.9500007629395,62.2999992370605,2042700,59.8259887695312
2020-11-05,63.3199996948242,63.9500007629395,62.5900001525879,62.6300010681152,1495700,60.1428871154785
2020-11-06,62.9700012207031,63.810001373291,62.6699981689453,63.5800018310547,1145800,61.0551567077637
2020-11-09,67,67.2900009155273,63.4300003051758,63.5,2420100,60.978328704834
2020-11-10,63.3800010681152,65.9179992675781,63.3199996948242,65.7399978637695,2174600,63.1293907165527
2020-11-11,65.8600006103516,66.3300018310547,64.7399978637695,66.120002746582,1319500,63.4942970275879
2020-11-12,66.1800003051758,66.4599990844727,65.4199981689453,65.9899978637695,1774700,63.3694458007812
2020-11-13,66.2399978637695,66.7399978637695,65.2300033569336,65.5699996948242,1438500,62.9661293029785
2020-11-16,66.2200012207031,67.6399993896484,65.6800003051758,67.3899993896484,2338900,64.7138519287109
2020-11-17,67.1600036621094,67.9499969482422,66.3050003051758,67.1999969482422,1465000,64.5313949584961
2020-11-18,67.3099975585938,67.9800033569336,66.5100021362305,66.629997253418,2182800,63.9840393066406
2020-11-19,66.629997253418,67.1900024414062,65.5999984741211,66.1600036621094,1809900,63.7239799499512
2020-11-20,66.0899963378906,66.7399978637695,66,66.3199996948242,1811200,63.8780937194824
2020-11-23,66.6399993896484,67.5299987792969,66.5500030517578,67.25,1885500,64.7738418579102
2020-11-24,68.0400009155273,68.0400009155273,66.879997253418,67.4000015258789,4738800,64.918327331543
2020-11-25,67.4400024414062,67.4700012207031,66.4199981689453,67.379997253418,1125400,64.899055480957
2020-11-27,67.5500030517578,68.2099990844727,66.9000015258789,67.3399963378906,1645000,64.8605346679688
2020-11-30,66.8399963378906,67.6999969482422,66.379997253418,66.9400024414062,1831000,64.4752426147461
2020-12-01,67.4199981689453,68.1600036621094,66.7699966430664,66.8300018310547,2928100,64.3693084716797
2020-12-02,66.9199981689453,67.2699966430664,65.5599975585938,65.6900024414062,1379600,63.2712898254395
2020-12-03,65.7699966430664,66.8499984741211,65.3600006103516,65.4899978637695,1061900,63.0786399841309
2020-12-04,65.6500015258789,66.0429992675781,64.879997253418,65.1600036621094,2054300,62.7607955932617
2020-12-07,64.9800033569336,65.3099975585938,64.0100021362305,64.8499984741211,1917600,62.462215423584
2020-12-08,64.7799987792969,66.1500015258789,64.6800003051758,66.1100006103516,2641500,63.6758270263672
2020-12-09,65.75,66.2099990844727,65.1900024414062,65.4899978637695,1668600,63.0786399841309
2020-12-10,65.2099990844727,66.1399993896484,63.8499984741211,64,2056600,61.6435050964355
2020-12-11,63.3300018310547,63.8800010681152,62.9500007629395,63.7299995422363,2023900,61.3834495544434
2020-12-14,64.4899978637695,64.4899978637695,62.5200004577637,62.7799987792969,1377800,60.4684257507324
2020-12-15,63.1100006103516,65.5899963378906,62.9599990844727,64.7300033569336,2041100,62.3466377258301
2020-12-16,64.9300003051758,65.3300018310547,64.3399963378906,65.2399978637695,1760600,62.8378486633301
2020-12-17,65.75,66.3199996948242,65.5,65.7900009155273,1873700,63.367603302002
2020-12-18,65.9899978637695,66.1999969482422,64.5400009155273,65.6100006103516,4028700,63.1942291259766
2020-12-21,64.9400024414062,66.4800033569336,64.5999984741211,66.1500015258789,2201300,63.7143402099609
2020-12-22,65.8399963378906,65.9899978637695,65.0950012207031,65.4100036621094,1151500,63.0016059875488
2020-12-23,65.4899978637695,66.2399978637695,65.3000030517578,65.629997253418,972500,63.2134895324707
2020-12-24,65.4499969482422,65.9800033569336,65.2900009155273,65.7900009155273,992100,63.367603302002
2020-12-28,66.1800003051758,66.5999984741211,65.5400009155273,66,786400,63.5698623657227
2020-12-29,66.3099975585938,66.5999984741211,65.129997253418,65.6900024414062,1008400,63.2712898254395
2020-12-30,65.7900009155273,66.8300018310547,65.7900009155273,66.7200012207031,1082200,64.2633590698242
2020-12-31,66.8600006103516,67.6900024414062,66.5699996948242,67.5500030517578,1238200,65.0627822875977
2021-01-04,67.5500030517578,68.0199966430664,65.5500030517578,65.5899963378906,2569600,63.1749610900879
2021-01-05,65.8199996948242,66.4199981689453,64.7590026855469,65.0999984741211,1366100,62.7030029296875
2021-01-06,65.8199996948242,67.3300018310547,65.25,66.9100036621094,1596000,64.4463653564453
2021-01-07,67.3000030517578,67.9550018310547,66.8450012207031,67.7799987792969,1542500,65.2843399047852
2021-01-08,67.4700012207031,67.9700012207031,65.8499984741211,66.8300018310547,1914000,64.3693084716797
2021-01-11,66.2200012207031,66.7900009155273,65.8099975585938,66.3600006103516,1506200,63.916618347168
2021-01-12,66.2699966430664,66.8000030517578,65.0699996948242,65.2300033569336,1722000,62.8282318115234
2021-01-13,65.1900024414062,65.5350036621094,63.8499984741211,63.9700012207031,3172600,61.6146125793457
2021-01-14,64.1999969482422,65.370002746582,63.7999992370605,64.9400024414062,3088300,62.5489044189453
2021-01-15,64.8099975585938,65.6900024414062,63.5099983215332,65.5299987792969,1841100,63.1171722412109
2021-01-19,66,66.4499969482422,64.9199981689453,65.370002746582,2489200,62.9630813598633
2021-01-20,65.8000030517578,66.5,64.8899993896484,65.1900024414062,1737200,62.7896995544434
2021-01-21,65.2399978637695,65.2399978637695,63.4500007629395,63.5200004577637,3945600,61.1811866760254
2021-01-22,63.5200004577637,65.2099990844727,63.2000007629395,64.879997253418,3546500,62.4911117553711
2021-01-25,64,64.6100006103516,62,64.2200012207031,4500200,61.8554039001465
2021-01-26,64.5999984741211,65.0899963378906,62.2700004577637,63.5099983215332,2742100,61.1715469360352
2021-01-27,62.6800003051758,63.0099983215332,61.2799987792969,62.2400016784668,3241300,59.9483108520508
2021-01-28,62.5999984741211,64.8199996948242,62.3300018310547,63.8300018310547,3235000,61.4797744750977
2021-01-29,65.1100006103516,65.9899978637695,63.4500007629395,64.6500015258789,10353200,62.2695770263672
2021-02-01,65.9899978637695,66.0100021362305,63,64.5500030517578,3731500,62.1732597351074
2021-02-02,65.0500030517578,66.7799987792969,64.5,64.6399993896484,4327800,62.2599449157715
2021-02-03,64.6399993896484,64.870002746582,62.9500007629395,64.0500030517578,3542100,61.6916694641113
2021-02-04,63.8899993896484,64.129997253418,63,63.2900009155273,2303900,60.9596481323242
2021-02-05,62.7400016784668,64.1999969482422,62.6300010681152,63.9300003051758,3697900,61.5760917663574
2021-02-08,63.75,64.5299987792969,63.1500015258789,63.7299995422363,1787100,61.3834495544434
2021-02-09,63.5400009155273,64.5930023193359,63.2099990844727,64.3600006103516,2819100,61.9902534484863
2021-02-10,64.9400024414062,65.9000015258789,64.5999984741211,65.3099975585938,1934100,62.9052734375
2021-02-11,65.0400009155273,65.2060012817383,62.8849983215332,63.4300003051758,4298900,61.2821655273438
2021-02-12,62.8899993896484,64.5400009155273,62.8899993896484,63.9300003051758,2021600,61.7652320861816
2021-02-16,64.3099975585938,64.3399963378906,62.5800018310547,63.189998626709,3228400,61.0502815246582
2021-02-17,63.310001373291,63.3699989318848,62.6189994812012,62.689998626709,2178600,60.5672187805176
2021-02-18,62.4599990844727,63.5800018310547,62.310001373291,63.060001373291,2258400,60.9246940612793
2021-02-19,63.3199996948242,63.4550018310547,62.939998626709,63.0400009155273,3852700,60.9053688049316
2021-02-22,62.8499984741211,63.5950012207031,62.5200004577637,63.2299995422363,2560000,61.0889358520508
2021-02-23,62.8400001525879,63.5699996948242,62.560001373291,63.2299995422363,2571200,61.0889358520508
2021-02-24,63.0900001525879,64.4100036621094,63.0299987792969,64.3499984741211,2257300,62.171012878418
2021-02-25,64.2799987792969,64.9100036621094,64.0100021362305,64.4599990844727,2431700,62.277286529541
2021-02-26,64.8899993896484,64.8899993896484,63.5900001525879,63.7099990844727,3278300,61.552677154541
2021-03-01,64.120002746582,65.75,64.0699996948242,64.9300003051758,1896000,62.7313575744629
2021-03-02,64.7300033569336,65.8450012207031,64.3300018310547,65.4100036621094,2657500,63.1951179504395
2021-03-03,65.5100021362305,67.6500015258789,65.0699996948242,67,3210800,64.7312850952148
2021-03-04,66.8300018310547,66.9000015258789,63.3400001525879,63.9500007629395,3634400,61.7845611572266
2021-03-05,64.5199966430664,65.1100006103516,62.7599983215332,64.870002746582,2168000,62.6734046936035
2021-03-08,64.9700012207031,66.3300018310547,64.5899963378906,65.2200012207031,1636700,63.011547088623
2021-03-09,65.6900024414062,66.6500015258789,64.9199981689453,64.9300003051758,2547300,62.7313575744629
2021-03-10,64.6699981689453,66.495002746582,64.6100006103516,66.25,1814900,64.0066680908203
2021-03-11,66.0999984741211,67.6399993896484,65.8899993896484,67.3000030517578,2214700,65.021125793457
2021-03-12,67.6500015258789,67.6500015258789,65.9899978637695,66,1938200,63.7651290893555
2021-03-15,65.9400024414062,66.6399993896484,65.5149993896484,66.6100006103516,1495700,64.3544845581055
2021-03-16,67.120002746582,67.9700012207031,66.5800018310547,67.6999969482422,2371800,65.4075546264648
2021-03-17,67.9899978637695,68.6500015258789,67.3600006103516,68.5800018310547,1729500,66.2577743530273
2021-03-18,68.1500015258789,68.6399993896484,67.4599990844727,68.1500015258789,2752800,65.8423385620117
2021-03-19,67.8899993896484,67.8899993896484,66.5199966430664,66.8600006103516,3149000,64.5960159301758
2021-03-22,66.8099975585938,66.9400024414062,65.6399993896484,66.8199996948242,1391500,64.5573806762695
2021-03-23,66.4199981689453,67.7099990844727,66.1999969482422,66.9599990844727,1364500,64.6926345825195
2021-03-24,66.879997253418,67.9599990844727,66.879997253418,67.1699981689453,1378000,64.8955154418945
2021-03-25,67.4100036621094,68.1399993896484,66.7600021362305,67.8600006103516,1738900,65.5621643066406
2021-03-26,68.1600036621094,69.379997253418,67.620002746582,69.0400009155273,1989400,66.7022094726562
2021-03-29,69.8300018310547,70.6699981689453,69.5,69.9100036621094,2038300,67.5427322387695
2021-03-30,70.0699996948242,70.4899978637695,69.4199981689453,69.7399978637695,2604800,67.3785018920898
2021-03-31,70.0199966430664,70.0199966430664,68.2699966430664,68.4499969482422,3783100,66.1321792602539
2021-04-01,68.8899993896484,69.6399993896484,68.3199996948242,69.2600021362305,1579200,66.9147415161133
2021-04-05,69.0800018310547,69.6999969482422,68.9199981689453,69.2300033569336,1126600,66.8857650756836
2021-04-06,69.5,70.4649963378906,68.8899993896484,69.7200012207031,1972800,67.3591766357422
2021-04-07,69.8600006103516,70.2699966430664,69.4100036621094,69.629997253418,7225700,67.2722091674805
2021-04-08,69.4899978637695,69.6449966430664,68.9199981689453,69.4100036621094,1881700,67.0596694946289
2021-04-09,69.6800003051758,70.9499969482422,69.4499969482422,70.75,3557700,68.3542938232422
2021-04-12,70.620002746582,71.1050033569336,70.3199996948242,70.6500015258789,1986000,68.2576904296875
2021-04-13,70.4499969482422,71.2350006103516,70.1920013427734,71.120002746582,1513400,68.7117691040039
2021-04-14,71,71.0749969482422,70.0599975585938,70.4000015258789,3099700,68.0161514282227
2021-04-15,70.6399993896484,71.2399978637695,70.1100006103516,70.9700012207031,1495600,68.5668487548828
2021-04-16,71.4100036621094,71.4100036621094,69.8499984741211,70.5800018310547,2548500,68.1900482177734
2021-04-19,70.7099990844727,71.3850021362305,70.3499984741211,71.0299987792969,2641300,68.6248092651367
2021-04-20,71.6399993896484,71.6900024414062,70.3300018310547,70.4700012207031,3682300,68.0837631225586
2021-04-21,70.4499969482422,71.0800018310547,69.8300018310547,71.0400009155273,3080300,68.6344604492188
2021-04-22,71.2300033569336,71.75,70.6100006103516,70.9499969482422,2415600,68.5475234985352
2021-04-23,71.0699996948242,71.9800033569336,70.7399978637695,71.2799987792969,2574700,68.8663558959961
2021-04-26,76.4400024414062,76.879997253418,74.5500030517578,76.2699966430664,6077800,73.687370300293
2021-04-27,76.5,79.2600021362305,76.120002746582,79,6143800,76.3249435424805
2021-04-28,79.1800003051758,79.5,77.9899978637695,78,3492300,75.3588104248047
2021-04-29,78.0199966430664,79.120002746582,78.0199966430664,78.6900024414062,2492200,76.0254287719727
2021-04-30,78.25,78.6699981689453,77.5500030517578,77.870002746582,3659500,75.2332153320312
2021-05-03,78.4899978637695,79.0999984741211,77.9100036621094,78.4000015258789,2739900,75.7452545166016
2021-05-04,78.379997253418,79.5599975585938,78.379997253418,78.7200012207031,3402100,76.0544204711914
2021-05-05,78.8899993896484,79.2399978637695,77.7600021362305,78.0599975585938,2075500,75.4167633056641
2021-05-06,78.4300003051758,78.8789978027344,77.6999969482422,78.3600006103516,2983500,75.7066040039062
2021-05-07,78.0800018310547,78.9499969482422,77.9100036621094,78.1900024414062,2780700,75.5423736572266
2021-05-10,78.6699981689453,79.0999984741211,78.0299987792969,78.25,4867400,75.600341796875
2021-05-11,77.7900009155273,78.1100006103516,76.8499984741211,77.620002746582,2939200,74.9916687011719
2021-05-12,77.7600021362305,77.9599990844727,76.1100006103516,76.129997253418,2392700,73.5521240234375
2021-05-13,75.9899978637695,77.5250015258789,75.8199996948242,77.1500015258789,2658300,74.5375900268555
2021-05-14,77.6500015258789,79.4400024414062,77.4100036621094,78.879997253418,3255300,76.2089996337891
2021-05-17,78.7300033569336,79.1800003051758,78.0999984741211,79.0100021362305,2234000,76.334602355957
2021-05-18,79.5500030517578,79.6900024414062,78.5699996948242,78.5999984741211,2941000,75.9384689331055
2021-05-19,77.9400024414062,78,77.0299987792969,77.4700012207031,5465700,74.8467483520508
2021-05-20,77.120002746582,77.8600006103516,76.8600006103516,77.3600006103516,6751500,74.9727249145508
2021-05-21,77.620002746582,78.3000030517578,77.2799987792969,77.5699996948242,2245000,75.1762390136719
2021-05-24,77.5999984741211,78.3300018310547,77.2099990844727,78.129997253418,1547500,75.7189712524414
2021-05-25,78.2799987792969,78.6100006103516,77.6600036621094,77.6900024414062,2288600,75.2925643920898
2021-05-26,77.7699966430664,78.2300033569336,77.5500030517578,77.7699966430664,1890100,75.3700790405273
2021-05-27,78.1500015258789,79.0899963378906,77.6900024414062,78.7099990844727,2818900,76.2810668945312
2021-05-28,78.4800033569336,78.7099990844727,77.8300018310547,78.3300018310547,1915000,75.9128036499023
2021-06-01,79.1699981689453,79.8300018310547,78.2750015258789,78.4100036621094,2207600,75.9903411865234
2021-06-02,78.4199981689453,78.7600021362305,77.7699966430664,78.2699966430664,1898600,75.8546524047852
2021-06-03,78.25,79.4300003051758,77.6699981689453,79.1399993896484,1949900,76.6978073120117
2021-06-04,79.25,79.9199981689453,79.2200012207031,79.870002746582,1644000,77.4052810668945
2021-06-07,80.4000015258789,80.8050003051758,79.4700012207031,79.6100006103516,1723600,77.1532974243164
2021-06-08,79.7600021362305,80.9499969482422,79.375,80.8499984741211,2647600,78.3550338745117
2021-06-09,80.7900009155273,81.1800003051758,80.3300018310547,80.75,1947300,78.2581176757812
2021-06-10,81.0500030517578,81.5599975585938,79.7900009155273,80.4199981689453,1753200,77.9383010864258
2021-06-11,80.8499984741211,80.9899978637695,79.6999969482422,80.5400009155273,1527800,78.0546035766602
2021-06-14,80.5699996948242,80.8000030517578,80.129997253418,80.8000030517578,1232700,78.3065948486328
2021-06-15,80.9700012207031,81.2699966430664,80.4229965209961,80.9899978637695,1341500,78.4907073974609
2021-06-16,81.0100021362305,81.3099975585938,80.2900009155273,80.629997253418,2578100,78.1418228149414
2021-06-17,80.9199981689453,81.1900024414062,79.4449996948242,80.4700012207031,3734700,77.9867706298828
2021-06-18,79.7600021362305,80.1699981689453,78.9250030517578,79.5,4490800,77.0466995239258
2021-06-21,80.0899963378906,81.0999984741211,79.6699981689453,81.0400009155273,2582700,78.5391693115234
2021-06-22,81.0400009155273,81.8099975585938,80.75,81.370002746582,1757800,78.859001159668
2021-06-23,81.6399993896484,81.6600036621094,80.7399978637695,80.8199996948242,1276400,78.3259506225586
2021-06-24,80.8899993896484,81.6999969482422,80.6900024414062,81.370002746582,1679100,78.859001159668
2021-06-25,81.5100021362305,81.9100036621094,81.2799987792969,81.6500015258789,2532100,79.1303482055664
2021-06-28,81.5999984741211,81.75,80.7399978637695,81.6600036621094,1940000,79.1400375366211
2021-06-29,81.6900024414062,82.4700012207031,81.5800018310547,82.0800018310547,1844000,79.5470809936523
2021-06-30,81.8499984741211,82.4100036621094,81.2300033569336,81.7699966430664,1981700,79.2466506958008
2021-07-01,82.1900024414062,82.3899993896484,81.6999969482422,82.0800018310547,1576100,79.5470809936523
2021-07-02,82.1900024414062,82.9400024414062,81.8499984741211,82.6600036621094,1113100,80.1091842651367
2021-07-06,82.2699966430664,82.5699996948242,81.6999969482422,82.25,1570300,79.7118377685547
2021-07-07,82.8600006103516,84.6500015258789,82.3199996948242,84.0800018310547,1645300,81.4853668212891
2021-07-08,82.9199981689453,83.9300003051758,82.4599990844727,83.0899963378906,1478100,80.5259017944336
2021-07-09,83.8399963378906,84.0100021362305,83.2300033569336,83.8199996948242,1073300,81.2333755493164
2021-07-12,83.4700012207031,83.8899993896484,83.2399978637695,83.8199996948242,1506700,81.2333755493164
2021-07-13,84.0100021362305,84.3899993896484,83.3000030517578,83.5299987792969,1683000,80.9523239135742
2021-07-14,83.4000015258789,84.9820022583008,83.4000015258789,84.7799987792969,1772100,82.1637725830078
2021-07-15,84.5,85.4199981689453,84.5,85.2300033569336,1769100,82.5998764038086
2021-07-16,85.0699996948242,85.5500030517578,84.870002746582,84.9199981689453,1654800,82.299446105957
2021-07-19,84.3099975585938,84.4100036621094,83.0199966430664,84.0599975585938,2534100,81.4659729003906
2021-07-20,84.4499969482422,86.2900009155273,84.1399993896484,86.0999984741211,1839200,83.4430236816406
2021-07-21,86.25,86.9100036621094,86.1480026245117,86.8099975585938,1447700,84.131103515625
2021-07-22,87,87.6500015258789,86.620002746582,87.3300018310547,2123200,84.6350708007812
2021-07-23,88.0800018310547,88.818000793457,87.6500015258789,88.5199966430664,1648700,85.7883377075195
2021-07-26,89.9400024414062,90.1999969482422,86.8499984741211,89.0599975585938,3098600,86.3116760253906
2021-07-27,89.0250015258789,89.1559982299805,87.5199966430664,88.2200012207031,1701900,85.4976043701172
2021-07-28,88.0199966430664,88.4400024414062,87.2699966430664,87.9300003051758,1670200,85.216552734375
2021-07-29,88.3499984741211,88.9400024414062,87.870002746582,88.870002746582,2009900,86.1275482177734
2021-07-30,88.8399963378906,89.7900009155273,88.6900024414062,89.5500030517578,1545200,86.7865524291992
2021-08-02,89.6800003051758,90.6699981689453,89.6800003051758,89.9300003051758,1441000,87.1548461914062
2021-08-03,90.1100006103516,91.8199996948242,90.0999984741211,91.2799987792969,1683700,88.4631805419922
2021-08-04,91,91.6699981689453,90.5699996948242,90.8000030517578,1214800,87.9979858398438
2021-08-05,91.1500015258789,91.4100036621094,90.0299987792969,90.7300033569336,1547000,87.9301452636719
2021-08-06,91.0299987792969,91.3199996948242,89.9599990844727,90.1399993896484,1938600,87.3583526611328
2021-08-09,89.8199996948242,90.0599975585938,88.9400024414062,89.7300033569336,1867200,86.9610061645508
2021-08-10,89.8899993896484,90.5599975585938,89.3899993896484,89.870002746582,1269500,87.0966796875
2021-08-11,89.9100036621094,90.5400009155273,89.8099975585938,90.4300003051758,1539600,87.639404296875
2021-08-12,90.4300003051758,90.4300003051758,89.5599975585938,90.1999969482422,1344100,87.41650390625
2021-08-13,90.2600021362305,91.0299987792969,90.0999984741211,90.6600036621094,2823900,87.8623046875
2021-08-16,90.75,92.0999984741211,90.4599990844727,91.9000015258789,2660100,89.0640563964844
2021-08-17,91.4300003051758,91.75,90.1699981689453,90.7399978637695,1821700,87.9398345947266
2021-08-18,90.4700012207031,91.7200012207031,90.3000030517578,90.5,2377400,87.7072448730469
2021-08-19,89.5699996948242,90.8899993896484,89.3099975585938,90.1999969482422,1343500,87.6489410400391
2021-08-20,89.8300018310547,90.4100036621094,89.4700012207031,90.0199966430664,3291500,87.4740219116211
2021-08-23,90.5400009155273,90.9899978637695,89.8600006103516,89.9199981689453,2037500,87.3768539428711
2021-08-24,89.8600006103516,90.7600021362305,89.6549987792969,90.370002746582,2585500,87.8141403198242
2021-08-25,90.7699966430664,91.4700012207031,90.620002746582,91.129997253418,2034500,88.5526428222656
2021-08-26,90.9199981689453,92,90.9100036621094,91.8099975585938,1527800,89.2134094238281
2021-08-27,92.1100006103516,92.6790008544922,91.7600021362305,92.0100021362305,1195500,89.4077529907227
2021-08-30,92.0100021362305,92.8399963378906,91.7750015258789,92.370002746582,867900,89.757568359375
2021-08-31,92.370002746582,92.6449966430664,91.8600006103516,92.2200012207031,2124700,89.6118011474609
2021-09-01,92.1900024414062,92.1999969482422,90.9550018310547,91.5,1711600,88.9121704101562
2021-09-02,91.9000015258789,92.4599990844727,91.6500015258789,92.0599975585938,1547000,89.4563369750977
2021-09-03,91.8899993896484,92.4550018310547,91.5800018310547,91.8199996948242,1313400,89.2231369018555
2021-09-07,91.5699996948242,91.5699996948242,89.2600021362305,89.379997253418,2056300,86.8521194458008
2021-09-08,89.129997253418,91.0599975585938,89.0419998168945,90.7200012207031,2312400,88.1542358398438
2021-09-09,90.8399963378906,91.2600021362305,90.120002746582,90.4800033569336,1610300,87.921028137207
2021-09-10,91.0299987792969,91.2399978637695,90.1999969482422,90.5500030517578,1494900,87.9890441894531
2021-09-13,91.3300018310547,91.7099990844727,89.4049987792969,89.9499969482422,2013200,87.4060134887695
2021-09-14,90.2099990844727,90.8300018310547,89.2649993896484,90.3600006103516,2113700,87.8044204711914
2021-09-15,90.5800018310547,90.5800018310547,89.4599990844727,90.3499984741211,2868600,87.7947006225586
2021-09-16,90.3499984741211,90.3499984741211,87.625,88.1999969482422,3171200,85.7055053710938
2021-09-17,87.2600021362305,87.4499969482422,84.8899993896484,85.0199966430664,11037500,82.6154479980469
2021-09-20,84,84.4000015258789,82.2699966430664,83.1800003051758,4458100,80.8274841308594
2021-09-21,83.3199996948242,84.120002746582,81.9300003051758,82,4208800,79.6808547973633
2021-09-22,83.8600006103516,85.5500030517578,83.120002746582,84.2900009155273,3488600,81.9060974121094
2021-09-23,84.5299987792969,86.8099975585938,84.0299987792969,85.7399978637695,4250200,83.315071105957
2021-09-24,85.4199981689453,86.1449966430664,84.5599975585938,84.8600006103516,1874200,82.4599609375
2021-09-27,84.5500030517578,85.1350021362305,84.0500030517578,84.2300033569336,1614400,81.847785949707
2021-09-28,83.5699996948242,84.1559982299805,82.7200012207031,83.7099990844727,2440600,81.3424835205078
2021-09-29,83.9000015258789,84.3899993896484,83.1100006103516,83.3199996948242,1784600,80.9635238647461
2021-09-30,83.879997253418,84.0800018310547,82.2699966430664,82.2799987792969,2354800,79.9529342651367
2021-10-01,82.6600036621094,83,81.0500030517578,82.5,2530400,80.1667098999023
2021-10-04,82.1100006103516,83.125,81.5800018310547,81.9100036621094,2474600,79.5934066772461
2021-10-05,82.2799987792969,83.745002746582,81.8499984741211,83.3600006103516,2080900,81.0023880004883
2021-10-06,82.7900009155273,83.5,81.2099990844727,82.870002746582,1916800,80.5262451171875
2021-10-07,83.9400024414062,85.1100006103516,83.7799987792969,84.379997253418,2487900,81.993537902832
2021-10-08,83.9100036621094,84.3850021362305,82.6500015258789,83.4499969482422,1942600,81.08984375
2021-10-11,83.2300033569336,83.5,81.5599975585938,81.620002746582,2134100,79.3116073608398
2021-10-12,81.8099975585938,82.1849975585938,81.2799987792969,81.9400024414062,2368900,79.6225509643555
2021-10-13,82.2399978637695,82.2900009155273,81.0800018310547,81.2799987792969,1519300,78.9812164306641
2021-10-14,81.9599990844727,83.4899978637695,81.9499969482422,83.4100036621094,2166500,81.0509719848633
2021-10-15,83.9199981689453,84.6900024414062,83.4899978637695,84.0999984741211,1681400,81.7214660644531
2021-10-18,83.6600036621094,83.8690032958984,82.9729995727539,83.3199996948242,1452300,80.9635238647461
2021-10-19,84,84.7399978637695,83.7699966430664,84.4199981689453,1388000,82.0324020385742
2021-10-20,84.629997253418,86.4599990844727,84.2300033569336,85.4599990844727,2339900,83.0430068969727
2021-10-21,84.1800003051758,85.3899993896484,83.4899978637695,85.3499984741211,1917700,82.9361114501953
2021-10-22,85.8600006103516,86.7099990844727,85.4100036621094,85.629997253418,2678500,83.2081756591797
2021-10-25,81.0899963378906,83.9499969482422,81.0899963378906,81.8600006103516,3623700,79.5448226928711
2021-10-26,82.3349990844727,82.5999984741211,79.7600021362305,80.2699966430664,3657600,77.9997787475586
2021-10-27,80.6699981689453,80.8300018310547,79.4899978637695,79.7200012207031,2896600,77.4653396606445
2021-10-28,79.5999984741211,80.1600036621094,78.5999984741211,79.9199981689453,2435300,77.6596832275391
2021-10-29,79.5599975585938,81.4800033569336,79.5400009155273,80.3099975585938,2870500,78.0386428833008
2021-11-01,80.4599990844727,81.1600036621094,80.129997253418,80.9199981689453,1846100,78.6313934326172
2021-11-02,81.3300018310547,81.4499969482422,80.1500015258789,81.1100006103516,1465500,78.8160247802734
2021-11-03,81.2799987792969,81.8199996948242,79.6149978637695,80.6100006103516,2306700,78.3301696777344
2021-11-04,80.9400024414062,81.8600006103516,80.7900009155273,81.8399963378906,1943200,79.5253753662109
2021-11-05,82.129997253418,82.7099990844727,81.5599975585938,81.7099990844727,1500900,79.399055480957
2021-11-08,82.1100006103516,82.3889999389648,81.3929977416992,82.2399978637695,2422400,79.9140701293945
2021-11-09,82.4000015258789,83.6699981689453,82.0699996948242,83.5400009155273,3078900,81.1772994995117
2021-11-10,83.9499969482422,84.4499969482422,83.1900024414062,83.3600006103516,2986300,81.0023880004883
2021-11-11,83.4499969482422,83.6999969482422,82.7699966430664,83.4000015258789,1743500,81.041259765625
2021-11-12,83.9400024414062,85.6500015258789,83.3099975585938,85.629997253418,1737600,83.2081756591797
2021-11-15,85.5,85.5899963378906,83.9369964599609,84.1600036621094,1319100,81.7797622680664
2021-11-16,84.5599975585938,84.9899978637695,84.2200012207031,84.5199966430664,1532800,82.1295776367188
2021-11-17,84.3600006103516,86.0449981689453,84.0950012207031,85.5699996948242,2657800,83.1498794555664
2021-11-18,84.7900009155273,86.4199981689453,84.6800003051758,86.2300033569336,2586400,84.0268859863281
2021-11-19,86.4400024414062,87.8300018310547,86.0699996948242,86.2600021362305,2901700,84.0561294555664
2021-11-22,86.25,86.3899993896484,83.870002746582,84.1999969482422,1770400,82.0487518310547
2021-11-23,84,84.375,83.5199966430664,83.8099975585938,1683000,81.6687164306641
2021-11-24,83.6500015258789,84.5500030517578,82.870002746582,84.4599990844727,1024700,82.3021011352539
2021-11-26,82.9300003051758,84.2300033569336,82.5,83.1900024414062,1170100,81.064567565918
2021-11-29,84.1100006103516,84.3399963378906,82.9899978637695,83.5800018310547,1934300,81.4445877075195
2021-11-30,83.0800018310547,83.5800018310547,80.1500015258789,80.4000015258789,2602300,78.3458480834961
2021-12-01,81.6999969482422,83.3399963378906,80.4199981689453,80.4499969482422,2247400,78.3945617675781
2021-12-02,80.8600006103516,83.0690002441406,80.8550033569336,82.8499984741211,2224700,80.7332458496094
2021-12-03,83.3499984741211,83.5999984741211,81.9199981689453,82.8000030517578,2236400,80.6845245361328
2021-12-06,83.4000015258789,84.4899978637695,82.6800003051758,84.0100021362305,2046200,81.8636169433594
2021-12-07,85.1399993896484,86.2600021362305,84.7200012207031,85.6999969482422,2093000,83.5104217529297
2021-12-08,85.6500015258789,86.515998840332,84.6999969482422,86.2099990844727,2923600,84.0074005126953
2021-12-09,86.0400009155273,86.6100006103516,85.1699981689453,86.1900024414062,2406900,83.9879150390625
2021-12-10,86.3199996948242,86.5699996948242,85.7949981689453,86.0800018310547,2379000,83.8807220458984
2021-12-13,86.25,86.6399993896484,84.8000030517578,85.379997253418,2502400,83.198616027832
2021-12-14,85.0699996948242,85.4000015258789,84.0749969482422,84.8099975585938,2178600,82.6431732177734
2021-12-15,85.0500030517578,85.3850021362305,83.4810028076172,84.9199981689453,2011900,82.7503509521484
2021-12-16,85.7099990844727,86.8649978637695,85.2099990844727,86.5100021362305,3345100,84.2997360229492
2021-12-17,85.4300003051758,86.6699981689453,84.0199966430664,84.1600036621094,2875700,82.0097808837891
2021-12-20,83.25,83.25,80.5749969482422,82.3300018310547,2440500,80.2265319824219
2021-12-21,83.3300018310547,84.2799987792969,82.8099975585938,84.1800003051758,1415100,82.0292587280273
2021-12-22,84.129997253418,84.5599975585938,83.6399993896484,84.3099975585938,1014500,82.1559524536133
2021-12-23,84.8499984741211,85.5879974365234,84.4300003051758,85.25,933100,83.0719299316406
2021-12-27,85.7300033569336,86.5400009155273,85.5899963378906,86.5199966430664,674400,84.3094711303711
2021-12-28,86.4899978637695,86.7099990844727,86.129997253418,86.4599990844727,730200,84.2510070800781
2021-12-29,86.2200012207031,87.2330017089844,86.2200012207031,86.8199996948242,1229700,84.6018218994141
2021-12-30,86.870002746582,87.2740020751953,86.3000030517578,86.3600006103516,864300,84.1535720825195
2021-12-31,86.1699981689453,87.5690002441406,86.1699981689453,87.0699996948242,985600,84.8454360961914
2022-01-03,87.1999969482422,88.2200012207031,84.5800018310547,85.5699996948242,2209600,83.3837585449219
2022-01-04,85.4000015258789,86.4599990844727,84.9700012207031,86.2200012207031,1739200,84.0171432495117
2022-01-05,86.5299987792969,87.1050033569336,83.7300033569336,83.8300018310547,2656900,81.6882095336914
2022-01-06,84.1900024414062,84.9800033569336,83.7799987792969,84.7099990844727,1641400,82.5457153320312
2022-01-07,84.4000015258789,85.2699966430664,84.2099990844727,84.3600006103516,2351500,82.2046661376953
2022-01-10,83.8099975585938,84.6900024414062,82.4599990844727,84.6600036621094,1940000,82.4970169067383
2022-01-11,85.1999969482422,86.2900009155273,84.1800003051758,86.2399978637695,2334200,84.0366363525391
2022-01-12,86.7200012207031,87.3399963378906,86.129997253418,86.9499969482422,2864100,84.7284927368164
2022-01-13,87.0899963378906,87.6800003051758,85.5400009155273,85.7600021362305,3365800,83.5689086914062
2022-01-14,84.8600006103516,85.6449966430664,83.0400009155273,84.1800003051758,2870400,82.0292587280273
2022-01-18,83.0500030517578,84.1500015258789,81.6800003051758,83.8899993896484,2640500,81.7466735839844
2022-01-19,84.1999969482422,84.4400024414062,82.8499984741211,83.0999984741211,2632200,80.9768676757812
2022-01-20,83.5999984741211,84.0999984741211,81.8399963378906,82.2099990844727,3534500,80.1096038818359
2022-01-21,82.2099990844727,83.9000015258789,81.5699996948242,83.1100006103516,2844000,80.9866027832031
2022-01-24,81.6800003051758,83.3499984741211,80.1399993896484,83.2300033569336,4451900,81.1035461425781
2022-01-25,81.7300033569336,83.629997253418,80.9199981689453,82.9700012207031,4027200,80.8501892089844
2022-01-26,83.5699996948242,84.620002746582,81,81.5199966430664,3633100,79.4372329711914
2022-01-27,82.3000030517578,83.4199981689453,81.3000030517578,82.6100006103516,3093400,80.4993896484375
2022-01-28,82.2099990844727,82.8199996948242,80.8399963378906,82.7699966430664,4367500,80.6552810668945
2022-01-31,81.3000030517578,85.6949996948242,80.5199966430664,85.4300003051758,4710600,83.2473220825195
2022-02-01,85.8499984741211,86.370002746582,81.5699996948242,83.5599975585938,4970900,81.4251098632812
2022-02-02,83.8199996948242,84.3119964599609,82.4300003051758,83.2699966430664,2889900,81.1425018310547
2022-02-03,82.6699981689453,83.629997253418,81.75,81.8499984741211,2902900,79.7587966918945
2022-02-04,81.2600021362305,83.2300033569336,80.9700012207031,82.4400024414062,3508500,80.3337249755859
2022-02-07,82.5999984741211,82.9000015258789,81.5,81.6600036621094,1790200,79.5736541748047
2022-02-08,82.0400009155273,84.2600021362305,81.8949966430664,84.0699996948242,3294300,81.9220809936523
2022-02-09,84.9100036621094,85.1139984130859,83.4100036621094,83.7699966430664,2132000,81.6297302246094
2022-02-10,82.879997253418,83.3300018310547,81.1999969482422,81.5500030517578,1926400,79.4664688110352
2022-02-11,81.5999984741211,81.8399963378906,79.1100006103516,79.6399993896484,2494800,77.6052627563477
2022-02-14,79.5599975585938,80.25,78.6699981689453,79.75,3899000,77.7124557495117
2022-02-15,81.1800003051758,81.6800003051758,78.5449981689453,78.7900009155273,4126300,76.7769775390625
2022-02-16,78.9400024414062,79.3199996948242,77.4599990844727,78.870002746582,3305200,76.8549499511719
2022-02-17,78.0299987792969,78.0999984741211,76.161003112793,76.2200012207031,2253500,74.4993438720703
2022-02-18,76.0500030517578,76.9199981689453,75.3399963378906,76.3499984741211,6320300,74.6264038085938
2022-02-22,76.0999984741211,77.5100021362305,75.879997253418,76.3000030517578,2481400,74.5775375366211
2022-02-23,76.7699966430664,76.8000030517578,74.1600036621094,74.6900024414062,2771000,73.0038833618164
2022-02-24,73.3249969482422,76.9300003051758,73.0999984741211,76.5899963378906,3807000,74.8609848022461
2022-02-25,76.6800003051758,78.7799987792969,76.4599990844727,78.5100021362305,3005300,76.7376480102539
2022-02-28,77.1600036621094,78.9300003051758,77.1600036621094,78.3300018310547,3918500,76.5617141723633
2022-03-01,78.3399963378906,78.4800033569336,76.5599975585938,77.6500015258789,3501600,75.8970642089844
2022-03-02,78.1800003051758,79.004997253418,78.0500030517578,78.7799987792969,3266200,77.0015487670898
2022-03-03,79.6699981689453,80.5400009155273,78.6999969482422,79.1800003051758,2660900,77.3925170898438
2022-03-04,78.2099990844727,78.5800018310547,76.6600036621094,77.9599990844727,2967900,76.200065612793
2022-03-07,77.8000030517578,78.0899963378906,74.25,74.3000030517578,2768400,72.622673034668
2022-03-08,74.2099990844727,75.2300033569336,73.4800033569336,73.5,3249800,71.8407440185547
2022-03-09,74.9400024414062,76.1999969482422,74.7600021362305,75.2600021362305,3050200,73.5610198974609
2022-03-10,74.3000030517578,74.5500030517578,73.3000030517578,73.8000030517578,3981100,72.1339721679688
2022-03-11,73.9899978637695,74.1149978637695,72.2699966430664,72.4000015258789,3290800,70.7655792236328
2022-03-14,73.3300018310547,73.375,71.0699996948242,71.9800033569336,4014900,70.3550567626953
2022-03-15,72.5,73.9100036621094,71.9499969482422,73.6500015258789,4655600,71.9873504638672
2022-03-16,74.5100021362305,76.8300018310547,74,75.5,2692800,73.7955932617188
2022-03-17,75.0400009155273,76.4400024414062,74.9899978637695,76.3899993896484,1868200,74.6655044555664
2022-03-18,76.6500015258789,78.370002746582,76.5199966430664,77.9800033569336,3822500,76.219612121582
2022-03-21,77.5199966430664,78.1650009155273,76.4199981689453,77.3300018310547,1805000,75.5842819213867
2022-03-22,77.3000030517578,78.5800018310547,77.3000030517578,77.5299987792969,2601700,75.7797698974609
2022-03-23,77.129997253418,77.6100006103516,76.25,76.4400024414062,1675300,74.7143707275391
2022-03-24,76.379997253418,77.4700012207031,75.9499969482422,77.4199981689453,1837900,75.6722564697266
2022-03-25,77.6100006103516,77.75,76.620002746582,77.2399978637695,1531900,75.4963150024414
2022-03-28,76.9599990844727,78.0500030517578,76.3199996948242,78.0100021362305,2218200,76.2489395141602
2022-03-29,78.6999969482422,79.4899978637695,78.0899963378906,78.6500015258789,1812200,76.8744812011719
2022-03-30,78,78.6500015258789,77.6999969482422,77.75,1261600,75.9947967529297
2022-03-31,77.6100006103516,78.3450012207031,76.9000015258789,76.9499969482422,2413400,75.2128601074219
2022-04-01,76.9100036621094,77.2539978027344,75.75,76.2799987792969,2591900,74.5579833984375
2022-04-04,76.3000030517578,76.75,75.8099975585938,76.6399993896484,1872600,74.9098510742188
2022-04-05,76.3600006103516,76.5699996948242,74.9100036621094,75.1500015258789,1582900,73.453498840332
2022-04-06,74.3300018310547,76.3499984741211,74.1600036621094,76.2300033569336,2666000,74.5091094970703
2022-04-07,75.7799987792969,77.9899978637695,75.7799987792969,77.5400009155273,3012100,75.78955078125
2022-04-08,77.2600021362305,78.1999969482422,77.1100006103516,77.2399978637695,2107000,75.4963150024414
2022-04-11,77,77.2600021362305,76.1600036621094,76.370002746582,1750400,74.6459579467773
2022-04-12,76.5199966430664,77.1900024414062,75.4899978637695,75.8899993896484,2814200,74.1767959594727
2022-04-13,75.2600021362305,76.5,75.2600021362305,75.8399963378906,1592600,74.1279144287109
2022-04-14,76.0299987792969,76.4850006103516,74.6999969482422,74.75,1717000,73.0625228881836
2022-04-18,74.6900024414062,75.0699996948242,73.120002746582,73.620002746582,1517100,71.9580307006836
2022-04-19,74.0299987792969,75.4800033569336,73.870002746582,75.370002746582,1380400,73.6685256958008
2022-04-20,75.9800033569336,76.370002746582,75.2900009155273,75.5199966430664,2107800,73.8151321411133
2022-04-21,76.0999984741211,76.629997253418,74.8399963378906,75.2099990844727,2256200,73.5121383666992
2022-04-22,73.8399963378906,74.629997253418,73.3199996948242,73.4199981689453,2115500,71.7625427246094
2022-04-25,75.2799987792969,76.0299987792969,73.0599975585938,74.5999984741211,4038900,72.9159088134766
2022-04-26,73.370002746582,73.9700012207031,72.1900024414062,72.370002746582,2231400,70.7362518310547
2022-04-27,72.3099975585938,74.3499984741211,72.3099975585938,73.5699996948242,2499900,71.9091567993164
2022-04-28,73.5899963378906,76.5199966430664,73.4400024414062,76.0699996948242,2837400,74.3527297973633
2022-04-29,75.5800018310547,75.9199981689453,72.5699996948242,72.8399963378906,2808100,71.1956405639648
2022-05-02,73,74.0400009155273,71.3300018310547,72.9499969482422,2627400,71.3031539916992
2022-05-03,72.9199981689453,73.629997253418,72.4680023193359,73.3199996948242,2297000,71.6648101806641
2022-05-04,73.9400024414062,76.8300018310547,73.2600021362305,76.5999984741211,2700800,74.8707580566406
2022-05-05,75.4899978637695,76.0999984741211,73.9349975585938,74.6800003051758,2377800,72.9941101074219
2022-05-06,74.2300033569336,74.870002746582,72.7699966430664,74.5800018310547,2470400,72.8963623046875
2022-05-09,73.2900009155273,74.1900024414062,72.7699966430664,73.3099975585938,2718000,71.6550216674805
2022-05-10,73.870002746582,74.8000030517578,71.4700012207031,72.7699966430664,2771000,71.1272125244141
2022-05-11,72.7099990844727,73.9800033569336,72.3399963378906,72.9000015258789,3214400,71.2542877197266
2022-05-12,72.5199966430664,74.3000030517578,71.2600021362305,73,2482100,71.3520278930664
2022-05-13,73.8300018310547,75.4899978637695,73.4850006103516,75.1100006103516,2601200,73.4143981933594
2022-05-16,74.5599975585938,74.8600006103516,73.5800018310547,74.3399963378906,2101000,72.6617736816406
2022-05-17,75.0400009155273,75.4599990844727,73.8600006103516,75.4599990844727,2742800,73.7564926147461
2022-05-18,74.4100036621094,74.870002746582,71.9899978637695,72.2099990844727,1899700,70.5798645019531
2022-05-19,71.2600021362305,73.4899978637695,71.2099990844727,72.5899963378906,1780500,71.2373733520508
2022-05-20,73.3099975585938,74.3600006103516,71.4499969482422,73.4400024414062,3017700,72.0715484619141
2022-05-23,73.9899978637695,74.7750015258789,73.129997253418,73.870002746582,2473100,72.493522644043
2022-05-24,74.8300018310547,75.879997253418,73.2300033569336,75.4899978637695,3071700,74.0833435058594
2022-05-25,74.7200012207031,74.9199981689453,72.7750015258789,73.5299987792969,2854900,72.1598663330078
2022-05-26,74.379997253418,75.5699996948242,74.0800018310547,75.0800018310547,3380100,73.6809844970703
2022-05-27,75.8499984741211,76.620002746582,75.379997253418,76.3000030517578,2837700,74.8782501220703
2022-05-31,75.5500030517578,75.6549987792969,73.7300033569336,74.4000015258789,9765400,73.0136489868164
2022-06-01,74.3199996948242,75.1699981689453,73.5800018310547,73.9700012207031,2384000,72.5916748046875
2022-06-02,74,75.3600006103516,73.6500015258789,75.2399978637695,2133600,73.8379974365234
2022-06-03,74.7399978637695,75.3199996948242,74.0899963378906,75.1900024414062,1415400,73.788932800293
2022-06-06,75.5299987792969,76.0599975585938,75.0800018310547,75.1999969482422,1019900,73.7987442016602
2022-06-07,74.7399978637695,76.5599975585938,74.379997253418,76.4899978637695,1582500,75.0647125244141
2022-06-08,75.8300018310547,76.9400024414062,75.1900024414062,76.3399963378906,1926900,74.9174957275391
2022-06-09,76.1900024414062,77.1600036621094,75.7600021362305,76,2505100,74.5838317871094
2022-06-10,74.7900009155273,75.0299987792969,73.2699966430664,73.2900009155273,2314500,71.9243316650391
2022-06-13,71.4300003051758,72.1999969482422,70.4499969482422,71.0999984741211,1860400,69.775146484375
2022-06-14,70.9199981689453,71.2050018310547,68.6399993896484,69.2099990844727,1859400,67.9203643798828
2022-06-15,69.4100036621094,70.7699966430664,68.7600021362305,69.7600021362305,1629300,68.4601135253906
2022-06-16,68.4199981689453,68.4850006103516,66.9700012207031,67.9499969482422,1818700,66.6838302612305
2022-06-17,67.9400024414062,68.7399978637695,67.2300033569336,67.879997253418,3669400,66.6151351928711
2022-06-21,68.8000030517578,70.1100006103516,68.1600036621094,69.870002746582,2506000,68.5680694580078
2022-06-22,68.4800033569336,69.120002746582,67.870002746582,68.7600021362305,2621800,67.4787521362305
2022-06-23,68.6800003051758,69.5199966430664,67.9199981689453,68.5899963378906,1791000,67.3119049072266
2022-06-24,68.9499969482422,70.9000015258789,68.4700012207031,70.8600006103516,3453500,69.5396194458008
2022-06-27,71.3000030517578,71.370002746582,69.125,69.9199981689453,2327700,68.6171264648438
2022-06-28,70.1999969482422,70.8499984741211,69.4899978637695,69.7900009155273,1877800,68.4895629882812
2022-06-29,69.5,70.1999969482422,68.5199966430664,69.7799987792969,2728700,68.479736328125
2022-06-30,68.9700012207031,70.9100036621094,68.75,70.6699981689453,2822500,69.353157043457
2022-07-01,70.9800033569336,72.245002746582,70.2300033569336,71.9000015258789,2096300,70.5602340698242
2022-07-05,70.379997253418,71.4899978637695,70.1750030517578,71.370002746582,1936800,70.0401153564453
2022-07-06,71.4599990844727,71.7799987792969,70.5899963378906,71.2600021362305,2440000,69.9321746826172
2022-07-07,68.6500015258789,70.2099990844727,67.3600006103516,70.0899963378906,4386800,68.7839660644531
2022-07-08,70,70.370002746582,68.8209991455078,69.8899993896484,2485600,68.5876922607422
2022-07-11,69.9300003051758,70.1699981689453,68.6999969482422,69,2116900,67.7142715454102
2022-07-12,68.8899993896484,70.1999969482422,68.5599975585938,68.8399963378906,2430700,67.557258605957
2022-07-13,68.0800018310547,68.9499969482422,67.8300018310547,68.4000015258789,1635500,67.1254577636719
2022-07-14,67.3199996948242,69.0199966430664,67,68.9899978637695,2793600,67.704460144043
2022-07-15,69.9300003051758,70.1500015258789,69.2600021362305,69.5100021362305,3010100,68.2147750854492
2022-07-18,69.8899993896484,70.484001159668,68.7799987792969,68.9599990844727,1525900,67.6750259399414
2022-07-19,69.8000030517578,71.9300003051758,69.75,71.8399963378906,2450500,70.501350402832
2022-07-20,72.0400009155273,72.7600021362305,71.0999984741211,72.6699981689453,1942400,71.3158874511719
2022-07-21,72.6500015258789,73.1149978637695,72.25,72.9499969482422,1520900,71.5906677246094
2022-07-22,73.0800018310547,73.2900009155273,71.379997253418,71.9000015258789,3805300,70.5602340698242
2022-07-25,71.9700012207031,72.6600036621094,71.7099990844727,72.3899993896484,1620800,71.0411148071289
2022-07-26,72.3899993896484,72.7900009155273,71.5899963378906,72.7200012207031,1897800,71.3649520874023
2022-07-27,72.8000030517578,76.6100006103516,72.8000030517578,76.4400024414062,3786500,75.0156402587891
2022-07-28,76.0599975585938,77.4899978637695,75.9100036621094,76.8499984741211,2118300,75.4180068969727
2022-07-29,77.0899963378906,78.5500030517578,76.3899993896484,78.1699981689453,2183100,76.7134017944336
2022-08-01,77.3000030517578,79.0500030517578,77.3000030517578,78.2799987792969,2425700,76.8213500976562
2022-08-02,78.1699981689453,78.7699966430664,77.4000015258789,77.4599990844727,2146700,76.0166320800781
2022-08-03,77.8499984741211,79.6999969482422,77.4589996337891,79.2300033569336,2483600,77.7536544799805
2022-08-04,79.5800018310547,79.8099975585938,79.0400009155273,79.5,2129600,78.0186157226562
2022-08-05,78.9100036621094,79.7149963378906,78.5599975585938,79.3199996948242,1492700,77.8419723510742
2022-08-08,79.8000030517578,80.0650024414062,79.0149993896484,79.2799987792969,1882400,77.8027114868164
2022-08-09,78.9000015258789,79.0800018310547,78.3600006103516,78.8600006103516,1276600,77.3905487060547
2022-08-10,80,80.5449981689453,79.379997253418,79.9000015258789,1419700,78.4111785888672
2022-08-11,80.7099990844727,81.5400009155273,80.0999984741211,80.5999984741211,1665800,79.0981216430664
2022-08-12,81.0599975585938,81.8600006103516,80.5500030517578,81.75,1758800,80.2266998291016
2022-08-15,81.2600021362305,81.9400024414062,81.0100021362305,81.5500030517578,2015600,80.0304183959961
2022-08-16,81.2399978637695,81.7600021362305,80.9049987792969,81.3199996948242,1862100,79.8047027587891
2022-08-17,80.5199966430664,80.8600006103516,80.1600036621094,80.5800018310547,1623200,79.078498840332
2022-08-18,80.5400009155273,80.5899963378906,80.0100021362305,80.4100036621094,1183100,79.1966934204102
2022-08-19,80.0299987792969,80.1999969482422,78.9899978637695,79.4100036621094,1212500,78.2117767333984
2022-08-22,78.0699996948242,78.2750015258789,77.0899963378906,77.3300018310547,2493900,76.1631698608398
2022-08-23,77.129997253418,77.6600036621094,76.5550003051758,76.9000015258789,1680300,75.7396469116211
2022-08-24,76.9599990844727,77.6600036621094,76.7799987792969,77.370002746582,1676800,76.2025604248047
2022-08-25,77.7099990844727,78.2399978637695,77.3899993896484,78.1800003051758,1881600,77.0003356933594
2022-08-26,78.3899993896484,78.3899993896484,75.1699981689453,75.2300033569336,1482100,74.094856262207
2022-08-29,74.75,74.8000030517578,73.8899993896484,74.0699996948242,1441700,72.9523544311523
2022-08-30,74.129997253418,74.3600006103516,72.2300033569336,72.8600006103516,2247000,71.7606048583984
2022-08-31,73.1999969482422,73.4899978637695,71.8300018310547,72.2200012207031,3350600,71.1302719116211
2022-09-01,72.1399993896484,72.7600021362305,71.3199996948242,72.7200012207031,1653600,71.6227264404297
2022-09-02,73.4599990844727,73.6100006103516,71.4499969482422,71.7200012207031,1565900,70.6378173828125
2022-09-06,71.6999969482422,72.1500015258789,70.9300003051758,72.0800018310547,1597300,70.9923782348633
2022-09-07,72.2099990844727,73.5100021362305,71.7300033569336,73.4100036621094,1751400,72.3023071289062
2022-09-08,72.9400024414062,73.2200012207031,72.4199981689453,72.9100036621094,1883900,71.8098678588867
2022-09-09,73.1800003051758,73.5400009155273,72.7699966430664,73.4000015258789,1803300,72.2924652099609
2022-09-12,73.9899978637695,74.0999984741211,72.870002746582,73.8000030517578,1693800,72.6864242553711
2022-09-13,72.2699966430664,72.4300003051758,70.7600021362305,71.120002746582,1756300,70.0468597412109
2022-09-14,71.0500030517578,71.1750030517578,69.3099975585938,69.8499984741211,2097200,68.7960205078125
2022-09-15,69.9000015258789,70.4599990844727,68.6900024414062,68.9300003051758,2129100,67.8899078369141
2022-09-16,68.1699981689453,68.3000030517578,67.0199966430664,67.8000030517578,3782500,66.7769622802734
2022-09-19,67.4499969482422,68.3499984741211,67.4000015258789,68.25,2338000,67.2201766967773
2022-09-20,67.8300018310547,68.0100021362305,66.8899993896484,67.620002746582,1842500,66.5996780395508
2022-09-21,67.9300003051758,68.8399963378906,67.0199966430664,67.0299987792969,1579600,66.0185775756836
2022-09-22,66.5800018310547,67.1149978637695,65.3550033569336,65.4499969482422,1981000,64.4624176025391
2022-09-23,64.9899978637695,65.9300003051758,64.754997253418,65.7799987792969,2551600,64.7874298095703
2022-09-26,65.4800033569336,66.5800018310547,64.8499984741211,65.370002746582,2415500,64.3836212158203
2022-09-27,65.9400024414062,66.25,64.6100006103516,65.129997253418,1890500,64.1472549438477
2022-09-28,65.7300033569336,66.2300033569336,64.8949966430664,65.7699966430664,2264400,64.777587890625
2022-09-29,65.2200012207031,65.3600006103516,63.875,64.5,1910800,63.5267524719238
2022-09-30,64.5299987792969,64.9199981689453,63.7400016784668,63.7999992370605,2625600,62.8373184204102
2022-10-03,64.7200012207031,66.0100021362305,64.1100006103516,65.4400024414062,1905500,64.4525680541992
2022-10-04,66.4599990844727,67.4800033569336,66.2850036621094,67.0500030517578,2424900,66.0382766723633
2022-10-05,66.4199981689453,67.879997253418,66.3349990844727,67.4300003051758,1452500,66.4125442504883
2022-10-06,67.2200012207031,67.6100006103516,66.6999969482422,66.8000030517578,1670000,65.7920532226562
2022-10-07,66.1699981689453,66.5100021362305,64.870002746582,65.2600021362305,1446600,64.2752914428711
2022-10-10,65.8000030517578,65.9899978637695,64.4700012207031,65.0100021362305,841300,64.0290679931641
2022-10-11,64.9700012207031,65.5699996948242,64.4800033569336,64.75,1449200,63.7729835510254
2022-10-12,65.0699996948242,65.3399963378906,64.5650024414062,64.5800018310547,1637600,63.6055450439453
2022-10-13,63.1800003051758,65.5500030517578,62.4900016784668,65.0100021362305,1946400,64.0290679931641
2022-10-14,65.4300003051758,66.0999984741211,63.8300018310547,64.120002746582,1632800,63.1524887084961
2022-10-17,65.0299987792969,65.7300033569336,64.8099975585938,65.370002746582,1688600,64.3836212158203
2022-10-18,66.9199981689453,67,66,66.7099990844727,1637200,65.7034072875977
2022-10-19,66.4700012207031,66.9499969482422,65.6600036621094,66.2799987792969,1552300,65.2798919677734
2022-10-20,66.4400024414062,66.7050018310547,64.6699981689453,64.75,1923200,63.7729835510254
2022-10-21,65.0299987792969,66.9400024414062,64.3000030517578,66.7900009155273,2351000,65.7822036743164
2022-10-24,67.1699981689453,67.8899993896484,66.7900009155273,67.0800018310547,2518300,66.0678253173828
2022-10-25,66.9800033569336,68.9100036621094,66.9800033569336,68.8499984741211,2567100,67.8111114501953
2022-10-26,68.6900024414062,69.1500015258789,66.7799987792969,68.3399963378906,3656700,67.3087997436523
2022-10-27,68.5100021362305,71.5199966430664,68.4000015258789,70.0100021362305,3016900,68.9536209106445
2022-10-28,70.120002746582,71.870002746582,69.8499984741211,71.6900024414062,1918400,70.608268737793
2022-10-31,70.6800003051758,71.5199966430664,70.2399978637695,70.6399993896484,2551900,69.574104309082
2022-11-01,71.2699966430664,72.0199966430664,70.7300033569336,71.5100021362305,1885200,70.4309768676758
2022-11-02,71.2099990844727,72.5699996948242,70.1999969482422,70.2099990844727,1782900,69.1505966186523
2022-11-03,69.4700012207031,71.0899963378906,69.120002746582,70.2099990844727,2035000,69.1505966186523
2022-11-04,71.2900009155273,73.870002746582,71.2900009155273,73.2200012207031,2299000,72.1151733398438
2022-11-07,73.0899963378906,73.7699966430664,72.6900024414062,73.7399978637695,1777400,72.627326965332
2022-11-08,73.9400024414062,74.1999969482422,72.5999984741211,73.1600036621094,1528100,72.0560836791992
2022-11-09,72.9599990844727,73.8899993896484,72.5400009155273,72.6100006103516,1743200,71.5143737792969
2022-11-10,74.5199966430664,76.1100006103516,74.5199966430664,75.5999984741211,2643400,74.4592590332031
2022-11-11,75.6600036621094,78.0299987792969,75.6149978637695,77.370002746582,2984500,76.2025604248047
2022-11-14,76.7600021362305,79.5599975585938,76.7200012207031,77.7699966430664,4193900,76.5965194702148
2022-11-15,78.4700012207031,79.4800033569336,78.1900024414062,78.7099990844727,2349100,77.5223388671875
2022-11-16,78.4499969482422,79.75,78.3300018310547,78.4000015258789,2169600,77.2170257568359
2022-11-17,77,77.4100036621094,75.7099990844727,77.3499984741211,3420800,76.465705871582
2022-11-18,78.1800003051758,78.7600021362305,77.4199981689453,77.7600021362305,3697600,76.8710174560547
2022-11-21,77.4700012207031,78.5199966430664,76.8050003051758,78.1900024414062,2068800,77.2961044311523
2022-11-22,78.5599975585938,78.5899963378906,77.5999984741211,78.25,1916300,77.3554229736328
2022-11-23,77.9700012207031,78.5299987792969,77.5100021362305,78.0999984741211,1898000,77.2071304321289
2022-11-25,78.5400009155273,79.0179977416992,78.2200012207031,78.6699981689453,971100,77.7706146240234
2022-11-28,78.0199966430664,78.3600006103516,76.1949996948242,76.3399963378906,2065800,75.4672470092773
2022-11-29,76.4599990844727,77.620002746582,76.1399993896484,76.879997253418,1869000,76.0010681152344
2022-11-30,76.8099975585938,78.1650009155273,75.5199966430664,78.0899963378906,3462100,77.1972427368164
2022-12-01,77.620002746582,78.9100036621094,77.3399963378906,78.8300018310547,1776700,77.9287872314453
2022-12-02,78.0699996948242,80.1600036621094,77.5199966430664,79.75,1998300,78.838264465332
2022-12-05,78.8199996948242,79.2600021362305,77.8399963378906,78.4800033569336,2100200,77.5827865600586
2022-12-06,78.4700012207031,79.2200012207031,78.25,79.1900024414062,2674000,78.28466796875
2022-12-07,78.9700012207031,79.4899978637695,78.3600006103516,79,2151300,78.0968475341797
2022-12-08,79.879997253418,80,79.0550003051758,79.7399978637695,2376700,78.8283843994141
2022-12-09,79.870002746582,80,78.3550033569336,78.4599990844727,1417200,77.5630111694336
2022-12-12,78.9000015258789,80.620002746582,78.5199966430664,80.5400009155273,1681200,79.6192321777344
2022-12-13,82,82,80.5800018310547,80.9499969482422,2600900,80.0245513916016
2022-12-14,81,81.9400024414062,79.9000015258789,80.25,3025900,79.3325500488281
2022-12-15,79.3399963378906,79.5699996948242,77.9899978637695,78.8199996948242,2119400,77.9188995361328
2022-12-16,78.2099990844727,78.7300033569336,77.6999969482422,78.5999984741211,4036900,77.701416015625
2022-12-19,78.629997253418,79.0149993896484,77.5719985961914,77.870002746582,1532700,76.9797592163086
2022-12-20,77.9000015258789,78.2600021362305,77.5100021362305,77.9199981689453,1889800,77.0291900634766
2022-12-21,78.4400024414062,79.129997253418,77.9100036621094,79.0299987792969,1621700,78.1265029907227
2022-12-22,78.5599975585938,78.7799987792969,77.0999984741211,78.1399993896484,1379600,77.2466735839844
2022-12-23,77.9000015258789,78.629997253418,77.7399978637695,78.3600006103516,810400,77.4641647338867
2022-12-27,78.370002746582,78.9700012207031,78.0100021362305,78.5100021362305,955400,77.6124420166016
2022-12-28,78.5999984741211,78.75,77.3899993896484,77.4000015258789,882800,76.5151443481445
2022-12-29,78.0400009155273,79.2300033569336,77.5999984741211,79.0699996948242,957700,78.1660461425781
2022-12-30,78.8000030517578,78.9899978637695,77.5500030517578,78.3099975585938,995900,77.4147338867188
2023-01-03,78.9400024414062,79.4599990844727,78.4100036621094,79.120002746582,1317300,78.2154769897461
2023-01-04,79.7799987792969,80.870002746582,79.3000030517578,80.7699966430664,1611900,79.8466033935547
2023-01-05,80.5100021362305,80.8099975585938,79.9599990844727,80.129997253418,2136300,79.2139282226562
2023-01-06,80.9899978637695,82.0500030517578,80.4100036621094,81.8499984741211,1555400,80.9142608642578
2023-01-09,81.9800033569336,82.9250030517578,81.3150024414062,81.4700012207031,1652600,80.5386047363281
2023-01-10,81.379997253418,81.7699966430664,80.7699966430664,81.6699981689453,1975300,80.7363204956055
2023-01-11,82.2300033569336,82.2300033569336,81.1399993896484,81.9000015258789,2683300,80.9636917114258
2023-01-12,82,82.9899978637695,80.75,82.9000015258789,2503600,81.952262878418
2023-01-13,82.6399993896484,83.3000030517578,82.2220001220703,83.25,1272000,82.2982559204102
2023-01-17,83.2600021362305,83.4899978637695,82.875,82.9800033569336,1946300,82.0313415527344
2023-01-18,83.2200012207031,83.4000015258789,81.7699966430664,81.7900009155273,1876300,80.8549499511719
2023-01-19,81.5299987792969,81.7699966430664,79.620002746582,79.6500015258789,1552100,78.7394104003906
2023-01-20,80.0400009155273,80.8399963378906,79.1600036621094,80.8099975585938,1787600,79.8861465454102
2023-01-23,80.620002746582,81.7850036621094,79.8899993896484,81.3499984741211,1104400,80.4199676513672
2023-01-24,80.2600021362305,82.5250015258789,80.2600021362305,82.1100006103516,1542900,81.1712875366211
2023-01-25,81.5,81.5,80.0400009155273,80.9599990844727,1448800,80.0344314575195
2023-01-26,81.4100036621094,81.4599990844727,80.1600036621094,81.0800018310547,1353100,80.1530685424805
2023-01-27,80.9199981689453,81.5999984741211,80.3899993896484,81.1999969482422,1457100,80.2716903686523
2023-01-30,80.7799987792969,81.5199966430664,80.370002746582,80.9599990844727,1334300,80.0344314575195
2023-01-31,81.5199966430664,82.2300033569336,81.0100021362305,82.2300033569336,2543400,81.289924621582
2023-02-01,82.4700012207031,85.120002746582,82.0800018310547,84.5599975585938,3058700,83.5932769775391
2023-02-02,85.4300003051758,85.5400009155273,83.7900009155273,83.8600006103516,2274200,82.9012832641602
2023-02-03,83.4800033569336,84.8499984741211,83.4349975585938,84.7300033569336,1580500,83.7613372802734
2023-02-06,83.9700012207031,84.8499984741211,83.5400009155273,83.6699981689453,1500100,82.7134552001953
2023-02-07,83.120002746582,83.8199996948242,82.2099990844727,83.629997253418,1641500,82.6739120483398
2023-02-08,83.4100036621094,84.0199966430664,83.0400009155273,83.5299987792969,1724200,82.5750579833984
2023-02-09,84.0199966430664,84.25,82.5,82.8099975585938,1745200,81.86328125
2023-02-10,82.8199996948242,83.4300003051758,82.379997253418,83.2200012207031,1906000,82.2686004638672
2023-02-13,83.6800003051758,84.6100006103516,83.3499984741211,84.379997253418,1758700,83.4153289794922
2023-02-14,84.379997253418,84.870002746582,83.6900024414062,84.3300018310547,1887400,83.3659057617188
2023-02-15,84.2399978637695,84.6500015258789,83.9599990844727,84.5699996948242,1182000,83.6031646728516
2023-02-16,83.4499969482422,84.1699981689453,83.0950012207031,83.5899963378906,1427500,82.918701171875
2023-02-17,83.8600006103516,84.8099975585938,83.370002746582,84.7600021362305,1800700,84.0793075561523
2023-02-21,83.9000015258789,84.3099975585938,82.8600006103516,83.0599975585938,2365600,82.3929595947266
2023-02-22,83.75,84.129997253418,83.0500030517578,83.370002746582,1671900,82.7004776000977
2023-02-23,83.4400024414062,84.1399993896484,82.7300033569336,83.9700012207031,1371600,83.295654296875
2023-02-24,83.6399993896484,84.0199966430664,83.0500030517578,83.629997253418,1889500,82.958381652832
2023-02-27,83.7600021362305,84.5199966430664,83.7200012207031,84,1362400,83.3254165649414
2023-02-28,83.9700012207031,84.9899978637695,83.9400024414062,84.620002746582,2963600,83.9404296875
2023-03-01,84.4700012207031,85.5599975585938,84.3099975585938,85.2300033569336,1914600,84.545539855957
2023-03-02,85.1399993896484,85.9749984741211,84.6900024414062,85.6699981689453,1415400,84.9820022583008
2023-03-03,86,87.0599975585938,85.6399993896484,86.9300003051758,1292300,86.2318801879883
2023-03-06,86.8899993896484,87.3300018310547,86.5299987792969,86.6500015258789,1704900,85.9541397094727
2023-03-07,86.8099975585938,86.8099975585938,84.9899978637695,85.1399993896484,1952400,84.4562606811523
2023-03-08,85.2200012207031,85.6399993896484,84.5,85.3399963378906,1703600,84.6546478271484
2023-03-09,85.6600036621094,85.7600021362305,84,84.1500015258789,1731600,83.4742126464844
2023-03-10,84.129997253418,84.129997253418,81.7900009155273,82.1500015258789,1962300,81.4902725219727
2023-03-13,81.3600006103516,82.9850006103516,81.2300033569336,81.9400024414062,2497000,81.2819595336914
2023-03-14,83.1500015258789,83.9400024414062,82.4899978637695,83.4300003051758,2293000,82.7599868774414
2023-03-15,82.3099975585938,82.629997253418,79.6600036621094,81.1600036621094,2710400,80.5082244873047
2023-03-16,80.4100036621094,81.6399993896484,80.0100021362305,81.5100021362305,1854400,80.8554153442383
2023-03-17,81.1699981689453,81.2399978637695,79.6100006103516,80.0400009155273,3538700,79.397216796875
2023-03-20,80.6800003051758,81.8899993896484,80.4400024414062,81.7799987792969,1624900,81.1232452392578
2023-03-21,82.6500015258789,82.9300003051758,81.8550033569336,82.3099975585938,1237300,81.6489868164062
2023-03-22,82.129997253418,82.4899978637695,80.6100006103516,80.6399993896484,1464400,79.9924011230469
2023-03-23,80.3000030517578,81.5039978027344,79.620002746582,80.2799987792969,1890300,79.6352920532227
2023-03-24,79.1600036621094,80.6500015258789,78.5299987792969,80.5,1766800,79.8535232543945
2023-03-27,81.0899963378906,81.4700012207031,80.5100021362305,80.9899978637695,1432800,80.3395843505859
2023-03-28,80.9300003051758,81.75,80.7699966430664,81.7200012207031,1217200,81.063720703125
2023-03-29,82.5299987792969,83.0599975585938,82.1399993896484,82.8300018310547,1531400,82.1648101806641
2023-03-30,83.1100006103516,83.6399993896484,82.693000793457,83.129997253418,1189600,82.4623947143555
2023-03-31,83.5899963378906,84.4700012207031,83.3949966430664,84.4000015258789,2608900,83.7221984863281
2023-04-03,84.2699966430664,84.8000030517578,83.7699966430664,84.1999969482422,1382200,83.5238037109375
2023-04-04,84.0999984741211,84.7099990844727,80.25,80.629997253418,2606800,79.9824752807617
2023-04-05,80.1100006103516,80.4700012207031,79.0699996948242,79.3899993896484,1723500,78.7524337768555
2023-04-06,79.0899963378906,79.0999984741211,77.879997253418,78.4899978637695,1826200,77.8596572875977
2023-04-10,77.9499969482422,79.1500015258789,76.8899993896484,79.129997253418,1235800,78.4945220947266
2023-04-11,79.5599975585938,80.1699981689453,79.2399978637695,79.7699966430664,1407100,79.1293792724609
2023-04-12,80.1500015258789,81.2799987792969,79.8600006103516,80.7300033569336,1327500,80.081672668457
2023-04-13,80.6600036621094,81.3000030517578,79.5500030517578,81.1600036621094,1565200,80.5082244873047
2023-04-14,80.9749984741211,82,80.7600021362305,81.2600021362305,926000,80.6074142456055
2023-04-17,81.5400009155273,82.4100036621094,81.4899978637695,82.379997253418,1312700,81.7184219360352
2023-04-18,82.8000030517578,83.2399978637695,82.0400009155273,82.2900009155273,2024100,81.6291427612305
2023-04-19,81.6699981689453,82.5100021362305,81.6149978637695,82.5,1143400,81.8374557495117
2023-04-20,82.2699966430664,82.8199996948242,81.7200012207031,82.75,1905100,82.0854568481445
2023-04-21,83.2600021362305,83.4700012207031,81.9100036621094,82.7300033569336,1042500,82.0656127929688
2023-04-24,82.5800018310547,83.4700012207031,82.4899978637695,83.0500030517578,1715400,82.3830490112305
2023-04-25,82.9899978637695,83.4550018310547,82.5,82.6500015258789,2137700,81.9862594604492
2023-04-26,81.9000015258789,83.4700012207031,81.5500030517578,81.879997253418,2947600,81.2224349975586
2023-04-27,82.8300018310547,85.9199981689453,82.0800018310547,85.879997253418,2353000,85.190315246582
2023-04-28,86.2099990844727,86.6399993896484,85,85.3000030517578,1973800,84.6149749755859
2023-05-01,85.629997253418,86.379997253418,85.3600006103516,85.9499969482422,1347200,85.2597503662109
2023-05-02,85.870002746582,86.3600006103516,84.7249984741211,86.2600021362305,1290800,85.5672607421875
2023-05-03,86.7699966430664,86.9199981689453,85.4749984741211,85.5400009155273,1370300,84.8530502319336
2023-05-04,86.0400009155273,86.1900024414062,85.0800018310547,85.3000030517578,1857800,84.6149749755859
2023-05-05,86.1500015258789,86.6999969482422,85.6399993896484,85.9599990844727,1478000,85.2696685791016
2023-05-08,86.0500030517578,86.3399963378906,85.4400024414062,85.7600021362305,1546200,85.0712814331055
2023-05-09,85.6600036621094,85.6600036621094,85.0800018310547,85.4499969482422,1293100,84.7637710571289
2023-05-10,86.0100021362305,86.0400009155273,84.0899963378906,85.4499969482422,1871500,84.7637710571289
2023-05-11,84.8399963378906,85.0299987792969,84.0800018310547,84.5400009155273,1323100,83.8610763549805
2023-05-12,84.8899993896484,85.3300018310547,83.875,84.4000015258789,1437400,83.7221984863281
2023-05-15,84.4599990844727,84.6800003051758,83.9899978637695,84.5100021362305,1390000,83.8313217163086
2023-05-16,84.0400009155273,84.0400009155273,82.7890014648438,82.9400024414062,1812900,82.27392578125
2023-05-17,83.4300003051758,84.0800018310547,82.8600006103516,83.75,2546300,83.0774230957031
2023-05-18,83.5899963378906,84.6350021362305,82.9000015258789,84.5,2172300,84.1630706787109
2023-05-19,85.2399978637695,85.2399978637695,83.9199981689453,84.5599975585938,2092800,84.2228317260742
2023-05-22,84.3199996948242,84.8099975585938,83.6100006103516,84.0800018310547,1553300,83.7447509765625
2023-05-23,83.2900009155273,83.5999984741211,81.9300003051758,82.2399978637695,2892200,81.9120788574219
2023-05-24,81.9800033569336,82.109001159668,80.9300003051758,81.0999984741211,1987500,80.7766265869141
2023-05-25,81.370002746582,81.5500030517578,80.6999969482422,81.4300003051758,2541800,81.1053161621094
2023-05-26,81.379997253418,81.9300003051758,80.9100036621094,81.7900009155273,2736400,81.4638824462891
2023-05-30,81.9499969482422,82.0299987792969,80.9000015258789,81.2300033569336,1823500,80.9061126708984
2023-05-31,80.9000015258789,81.0800018310547,79.0800018310547,79.5100021362305,6744600,79.1929702758789
2023-06-01,79.7300033569336,81.7399978637695,79.0299987792969,81.5100021362305,2415100,81.1849975585938
2023-06-02,83.1399993896484,85.9499969482422,83.1399993896484,85.5999984741211,3155200,85.2586822509766
2023-06-05,85.5299987792969,85.5299987792969,84.0800018310547,84.5299987792969,1683900,84.1929550170898
2023-06-06,84.5,85.6999969482422,84.4499969482422,85.5199966430664,1431500,85.1790008544922
2023-06-07,85.3099975585938,87.4700012207031,85.1100006103516,87.1900024414062,2151400,86.8423461914062
2023-06-08,87.2099990844727,87.495002746582,85.9970016479492,86.0899963378906,1503700,85.7467269897461
2023-06-09,85.879997253418,85.9700012207031,84.8600006103516,85.6600036621094,2064800,85.3184509277344
2023-06-12,85.6900024414062,86.6699981689453,85.1900024414062,86.5,1570700,86.1550979614258
2023-06-13,86.7600021362305,87.7200012207031,86.6399993896484,87.1999969482422,1724000,86.8523025512695
2023-06-14,87.6900024414062,88.0500030517578,86.8000030517578,87.5100021362305,1854200,87.1610717773438
2023-06-15,87.4000015258789,88.7300033569336,87.1600036621094,88.5400009155273,1495900,88.1869659423828
2023-06-16,88.870002746582,89.3000030517578,88.1100006103516,88.620002746582,3054200,88.2666473388672
2023-06-20,87.7300033569336,88.0650024414062,86.75,87.0800018310547,1541400,86.7327880859375
2023-06-21,86.7300033569336,87.6600036621094,86.3199996948242,87,2063700,86.6531066894531
2023-06-22,87.0100021362305,87.0100021362305,85.8000030517578,86.0699996948242,1542600,85.7268142700195
2023-06-23,85.2699966430664,86.5599975585938,84.8000030517578,86.370002746582,2143100,86.0256195068359
2023-06-26,86.4000015258789,87.3830032348633,86.4000015258789,87.120002746582,1023200,86.7726287841797
2023-06-27,87.5,87.9300003051758,86.9499969482422,87.7399978637695,1052900,87.3901519775391
2023-06-28,87.9000015258789,87.9000015258789,87.1600036621094,87.5100021362305,962000,87.1610717773438
2023-06-29,87.0500030517578,88.6399993896484,86.6999969482422,88.6100006103516,1107000,88.2566833496094
2023-06-30,89.3399963378906,90.1100006103516,89.0100021362305,89.0100021362305,2776000,88.6550903320312
2023-07-03,88.4300003051758,88.6500015258789,87.875,88.6100006103516,689400,88.2566833496094
2023-07-05,87.9199981689453,88.4000015258789,87.3600006103516,87.5400009155273,1549900,87.1909484863281
2023-07-06,86.9700012207031,87.2600021362305,86.0400009155273,86.3899993896484,1591800,86.0455322265625
2023-07-07,86.120002746582,87.3399963378906,86.0199966430664,86.8600006103516,2034100,86.5136642456055
2023-07-10,86.9700012207031,87.5849990844727,86.5599975585938,87.2799987792969,1585500,86.9319839477539
2023-07-11,87.75,88.0899963378906,87.2799987792969,87.4300003051758,1337900,87.0813903808594
2023-07-12,88.1999969482422,89.4300003051758,87.25,88.7099990844727,2499900,88.3562850952148
2023-07-13,88.8300018310547,89.4199981689453,88.5279998779297,89.0599975585938,1250200,88.7048873901367
2023-07-14,88.7600021362305,88.9599990844727,87.9000015258789,88.7200012207031,930300,88.3662490844727
2023-07-17,88.4599990844727,89.1800003051758,88.120002746582,88.5400009155273,1373700,88.1869659423828
2023-07-18,88.6600036621094,89.3600006103516,88.1800003051758,88.5299987792969,1859900,88.177001953125
2023-07-19,87.5500030517578,88.4700012207031,86.9499969482422,88.0800018310547,1783000,87.7287979125977
2023-07-20,86.4899978637695,87.5100021362305,85.8099975585938,86.8600006103516,2714300,86.5136642456055
2023-07-21,87.2799987792969,87.8499984741211,86.8399963378906,87.25,1788400,86.9021072387695
2023-07-24,87.5299987792969,87.9049987792969,87,87.2300033569336,1300200,86.8821868896484
2023-07-25,86.5,87.8099975585938,86.1399993896484,87.5699996948242,2330300,87.220832824707
2023-07-26,85.9300003051758,91.0299987792969,85.2300033569336,90.7300033569336,4285500,90.3682327270508
2023-07-27,91.3300018310547,91.3300018310547,89.0199966430664,89.6699981689453,3478200,89.3124542236328
2023-07-28,90.5199966430664,90.8199996948242,89.1149978637695,90.0500030517578,2465400,89.6909484863281
2023-07-31,90.1800003051758,91.2399978637695,90.0999984741211,90.9599990844727,1961900,90.5973129272461
2023-08-01,90.1699981689453,90.9300003051758,89.8600006103516,90.2300033569336,1500100,89.870231628418
2023-08-02,89.5199966430664,90.0250015258789,88.7399978637695,89.3899993896484,1594600,89.033576965332
2023-08-03,89.2200012207031,90.129997253418,88.9000015258789,89.620002746582,1554600,89.2626571655273
2023-08-04,89.9000015258789,89.9000015258789,88.3300018310547,88.5100021362305,1135000,88.1570816040039
2023-08-07,88.9400024414062,90.2799987792969,88.9400024414062,90.1999969482422,1671100,89.8403396606445
2023-08-08,89.5199966430664,89.6699981689453,88.3899993896484,88.9400024414062,1651500,88.5853729248047
2023-08-09,88.8300018310547,89.1800003051758,87.9300003051758,88,1713300,87.6491165161133
2023-08-10,88.129997253418,88.9800033569336,87.4899978637695,87.7799987792969,1628800,87.4299926757812
2023-08-11,87.3199996948242,87.870002746582,87.0100021362305,87.4100036621094,1559200,87.0614700317383
2023-08-14,87.2099990844727,87.2799987792969,86.4599990844727,87.0500030517578,2050800,86.7029037475586
2023-08-15,86.4300003051758,86.879997253418,85.3199996948242,85.7399978637695,2251800,85.3981246948242
2023-08-16,85.6100006103516,86.1949996948242,84.9599990844727,85.2699966430664,2331600,84.9300003051758
2023-08-17,85.370002746582,86.0400009155273,83.9000015258789,83.9199981689453,2218000,83.9199981689453
2023-08-18,83.1800003051758,84.5,83.1800003051758,83.7300033569336,1949600,83.7300033569336
2023-08-21,83.6999969482422,83.8499984741211,82.9800033569336,83.5199966430664,1660300,83.5199966430664
2023-08-22,84,84.2300033569336,82.7600021362305,82.9499969482422,1955700,82.9499969482422
2023-08-23,83.2200012207031,84.0199966430664,82.6999969482422,83.8499984741211,1663100,83.8499984741211
2023-08-24,83.4700012207031,84.3199996948242,82.8000030517578,82.8399963378906,1902000,82.8399963378906
2023-08-25,83.5500030517578,84.2900009155273,82.8349990844727,83.870002746582,2107900,83.870002746582
2023-08-28,84.1600036621094,85.004997253418,84.0999984741211,84.6399993896484,1158000,84.6399993896484
2023-08-29,84.5599975585938,85.75,84.2699966430664,85.5100021362305,1589000,85.5100021362305
2023-08-30,85.9300003051758,86.629997253418,85.3300018310547,85.6600036621094,1583400,85.6600036621094
2023-08-31,85.7799987792969,86.5699996948242,85.5299987792969,85.5500030517578,1922300,85.5500030517578
2023-09-01,85.9599990844727,86.495002746582,85.6800003051758,86.1699981689453,1188600,86.1699981689453
2023-09-05,86.0699996948242,86.2600021362305,84.1699981689453,84.3499984741211,1814500,84.3499984741211
2023-09-06,84.2300033569336,84.9800033569336,84,84.3899993896484,2179300,84.3899993896484
2023-09-07,83.7699966430664,84.7200012207031,82.9300003051758,82.9700012207031,2377800,82.9700012207031
2023-09-08,83.0100021362305,83.4000015258789,82.4499969482422,82.7099990844727,1922700,82.7099990844727
2023-09-11,83.1500015258789,83.5599975585938,82.5199966430664,82.9899978637695,1346000,82.9899978637695
2023-09-12,82.4300003051758,82.9800033569336,82.3600006103516,82.5899963378906,883300,82.5899963378906
2023-09-13,82.629997253418,82.6699981689453,80.7699966430664,81.2900009155273,1579400,81.2900009155273
2023-09-14,81.9100036621094,82.3199996948242,80.9300003051758,81.6800003051758,1538800,81.6800003051758
2023-09-15,81.3099975585938,81.7799987792969,80.7099990844727,81.120002746582,3551900,81.120002746582
2023-09-18,81.0899963378906,81.9199981689453,80.9400024414062,81.3899993896484,1692200,81.3899993896484
2023-09-19,80.9499969482422,82.4400024414062,80.9199981689453,82.1800003051758,2322200,82.1800003051758
2023-09-20,82.4100036621094,82.7399978637695,81.5699996948242,81.6999969482422,1432000,81.6999969482422
2023-09-21,81.5299987792969,81.8300018310547,80.7799987792969,80.9300003051758,2768900,80.9300003051758
2023-09-22,80.9400024414062,81.5299987792969,80.7099990844727,80.8199996948242,1361500,80.8199996948242
2023-09-25,80.379997253418,81.1500015258789,80.1500015258789,80.9499969482422,1074200,80.9499969482422
2023-09-26,80.4700012207031,80.7149963378906,79.2099990844727,79.2900009155273,3357400,79.2900009155273
2023-09-27,79.4000015258789,79.9300003051758,79.129997253418,79.3499984741211,3145700,79.3499984741211
2023-09-28,79.5299987792969,80.9800033569336,79.1399993896484,80.4700012207031,1647900,80.4700012207031
2023-09-29,81.0299987792969,81.1500015258789,79.9700012207031,80.3099975585938,1763900,80.3099975585938
2023-10-02,80.0599975585938,80.5299987792969,79.1600036621094,79.5,1621100,79.5
2023-10-03,79.2600021362305,80.0800018310547,79.0500030517578,79.4000015258789,1645200,79.4000015258789
2023-10-04,79.5599975585938,80.1399993896484,78.786003112793,80.0599975585938,1463200,80.0599975585938
2023-10-05,80.0199966430664,80.3000030517578,78.8600006103516,79.1399993896484,1197200,79.1399993896484
2023-10-06,79.0199966430664,80.0800018310547,78.4100036621094,79.5400009155273,2133500,79.5400009155273
2023-10-09,79.1100006103516,79.9499969482422,78.6999969482422,79.9499969482422,1506800,79.9499969482422
2023-10-10,80.1600036621094,80.9199981689453,79.9400024414062,80.3000030517578,1615900,80.3000030517578
2023-10-11,80.3499984741211,81.0699996948242,80.3499984741211,81.0400009155273,1576300,81.0400009155273
2023-10-12,81.3600006103516,81.379997253418,80.0699996948242,80.4400024414062,1598400,80.4400024414062
2023-10-13,80.5899963378906,80.7900009155273,79.7249984741211,80,1767900,80
2023-10-16,80.6500015258789,81.0429992675781,80.0899963378906,80.5100021362305,1212200,80.5100021362305
2023-10-17,80.129997253418,81.2799987792969,79.9850006103516,81.0699996948242,1172400,81.0699996948242
2023-10-18,80.4499969482422,80.5,78.8099975585938,78.8499984741211,2440300,78.8499984741211
2023-10-19,78.7900009155273,79.9300003051758,78.0640029907227,78.1699981689453,2441600,78.1699981689453
2023-10-20,78.2399978637695,78.4400024414062,77.4049987792969,77.5299987792969,2008100,77.5299987792969
2023-10-23,77.3099975585938,78.0999984741211,76.7300033569336,76.9100036621094,1822200,76.9100036621094
2023-10-24,77.5899963378906,78.0100021362305,76.6500015258789,77.2699966430664,2970400,77.2699966430664
2023-10-25,75.0999984741211,76.8949966430664,73.3199996948242,75.4700012207031,2910800,75.4700012207031
2023-10-26,75.75,76.4700012207031,75.2600021362305,75.5199966430664,1687000,75.5199966430664
2023-10-27,75.2300033569336,76.6100006103516,75.1600036621094,76.1399993896484,2331100,76.1399993896484
2023-10-30,76.6999969482422,76.9749984741211,75.7799987792969,76.5400009155273,1942500,76.5400009155273
2023-10-31,76.5800018310547,77.4000015258789,76.4700012207031,77.2099990844727,2165100,77.2099990844727
2023-11-01,77.3899993896484,77.6900024414062,76.2200012207031,76.8099975585938,2392200,76.8099975585938
